date,passengers
2013-01-01,16013
2013-01-02,39273
2013-01-03,46267
2013-01-04,47796
2013-01-05,23165
2013-01-06,16285
2013-01-07,50216
2013-01-08,50696
2013-01-09,51462
2013-01-10,53675
2013-01-11,55705
2013-01-12,26174
2013-01-13,18514
2013-01-14,55308
2013-01-15,57797
2013-01-16,57405
2013-01-17,58705
2013-01-18,59719
2013-01-19,27837
2013-01-20,19495
2013-01-21,57192
2013-01-22,56917
2013-01-23,56696
2013-01-24,58816
2013-01-25,60970
2013-01-26,28236
2013-01-27,20800
2013-01-28,58832
2013-01-29,58592
2013-01-30,58205
2013-01-31,64955
2013-02-01,65476
2013-02-02,33351
2013-02-03,24799
2013-02-04,64302
2013-02-05,66128
2013-02-06,66888
2013-02-07,68476
2013-02-08,69413
2013-02-09,34220
2013-02-10,24698
2013-02-11,58398
2013-02-12,61816
2013-02-13,60287
2013-02-14,62023
2013-02-15,61209
2013-02-16,35550
2013-02-17,25865
2013-02-18,67391
2013-02-19,67433
2013-02-20,67569
2013-02-21,68960
2013-02-22,71399
2013-02-23,37502
2013-02-24,28133
2013-02-25,72247
2013-02-26,72501
2013-02-27,73024
2013-02-28,78466
2013-03-01,81104
2013-03-02,43788
2013-03-03,32062
2013-03-04,73897
2013-03-05,75943
2013-03-06,76443
2013-03-07,79732
2013-03-08,83417
2013-03-09,45037
2013-03-10,31472
2013-03-11,78991
2013-03-12,80767
2013-03-13,86986
2013-03-14,86429
2013-03-15,87171
2013-03-16,45962
2013-03-17,32984
2013-03-18,86620
2013-03-19,85971
2013-03-20,95602
2013-03-21,95302
2013-03-22,91509
2013-03-23,45957
2013-03-24,33220
2013-03-25,65702
2013-03-26,65701
2013-03-27,73115
2013-03-28,34526
2013-03-29,33224
2013-03-30,44957
2013-03-31,33309
2013-04-01,32044
2013-04-02,83017
2013-04-03,82053
2013-04-04,84043
2013-04-05,88525
2013-04-06,50778
2013-04-07,37815
2013-04-08,84954
2013-04-09,85880
2013-04-10,87642
2013-04-11,95927
2013-04-12,94687
2013-04-13,53107
2013-04-14,38774
2013-04-15,83059
2013-04-16,83834
2013-04-17,83936
2013-04-18,90123
2013-04-19,95110
2013-04-20,56453
2013-04-21,41786
2013-04-22,83519
2013-04-23,89299
2013-04-24,88147
2013-04-25,96187
2013-04-26,42528
2013-04-27,53345
2013-04-28,43008
2013-04-29,89379
2013-04-30,95764
2013-05-01,91389
2013-05-02,95443
2013-05-03,101829
2013-05-04,60410
2013-05-05,46164
2013-05-06,89702
2013-05-07,91381
2013-05-08,110711
2013-05-09,43465
2013-05-10,73068
2013-05-11,55307
2013-05-12,45337
2013-05-13,92814
2013-05-14,97585
2013-05-15,95700
2013-05-16,94972
2013-05-17,103372
2013-05-18,61834
2013-05-19,47093
2013-05-20,42182
2013-05-21,97086
2013-05-22,106896
2013-05-23,100278
2013-05-24,104555
2013-05-25,61729
2013-05-26,45524
2013-05-27,93805
2013-05-28,95412
2013-05-29,98828
2013-05-30,98997
2013-05-31,114794
2013-06-01,70920
2013-06-02,51498
2013-06-03,97887
2013-06-04,105415
2013-06-05,60225
2013-06-06,102373
2013-06-07,109574
2013-06-08,69185
2013-06-09,50798
2013-06-10,95640
2013-06-11,99222
2013-06-12,100558
2013-06-13,118596
2013-06-14,120254
2013-06-15,70840
2013-06-16,51584
2013-06-17,100236
2013-06-18,100251
2013-06-19,106577
2013-06-20,106307
2013-06-21,114926
2013-06-22,74198
2013-06-23,55455
2013-06-24,100081
2013-06-25,104358
2013-06-26,110693
2013-06-27,110903
2013-06-28,116547
2013-06-29,71081
2013-06-30,51004
2013-07-01,90632
2013-07-02,90892
2013-07-03,89478
2013-07-04,86656
2013-07-05,88303
2013-07-06,61737
2013-07-07,50202
2013-07-08,80329
2013-07-09,81630
2013-07-10,79820
2013-07-11,81727
2013-07-12,84763
2013-07-13,61595
2013-07-14,44294
2013-07-15,71204
2013-07-16,72220
2013-07-17,73132
2013-07-18,71678
2013-07-19,77023
2013-07-20,58974
2013-07-21,49960
2013-07-22,71519
2013-07-23,72841
2013-07-24,71953
2013-07-25,71923
2013-07-26,76713
2013-07-27,58163
2013-07-28,50107
2013-07-29,73235
2013-07-30,77073
2013-07-31,87994
2013-08-01,87003
2013-08-02,90688
2013-08-03,66776
2013-08-04,55575
2013-08-05,87985
2013-08-06,91606
2013-08-07,92052
2013-08-08,97378
2013-08-09,103695
2013-08-10,69833
2013-08-11,55125
2013-08-12,103653
2013-08-13,106014
2013-08-14,114386
2013-08-15,112671
2013-08-16,124216
2013-08-17,74349
2013-08-18,59034
2013-08-19,106598
2013-08-20,109024
2013-08-21,109296
2013-08-22,110453
2013-08-23,122483
2013-08-24,79985
2013-08-25,62812
2013-08-26,107809
2013-08-27,110123
2013-08-28,111831
2013-08-29,114878
2013-08-30,138625
2013-08-31,85285
2013-09-01,63510
2013-09-02,126390
2013-09-03,115883
2013-09-04,113975
2013-09-05,117509
2013-09-06,129648
2013-09-07,82349
2013-09-08,60031
2013-09-09,117329
2013-09-10,114413
2013-09-11,113488
2013-09-12,117385
2013-09-13,124994
2013-09-14,80894
2013-09-15,58387
2013-09-16,122624
2013-09-17,116370
2013-09-18,121631
2013-09-19,117433
2013-09-20,127514
2013-09-21,78133
2013-09-22,57975
2013-09-23,116906
2013-09-24,115287
2013-09-25,115850
2013-09-26,120235
2013-09-27,130553
2013-09-28,84204
2013-09-29,62078
2013-09-30,118015
2013-10-01,123357
2013-10-02,122618
2013-10-03,127534
2013-10-04,139801
2013-10-05,84803
2013-10-06,66264
2013-10-07,118731
2013-10-08,121415
2013-10-09,126621
2013-10-10,129106
2013-10-11,140452
2013-10-12,83694
2013-10-13,60965
2013-10-14,104467
2013-10-15,103946
2013-10-16,106286
2013-10-17,106867
2013-10-18,116178
2013-10-19,80177
2013-10-20,61332
2013-10-21,132225
2013-10-22,125649
2013-10-23,127136
2013-10-24,129748
2013-10-25,140428
2013-10-26,84141
2013-10-27,65772
2013-10-28,119882
2013-10-29,119199
2013-10-30,123642
2013-10-31,139141
2013-11-01,152627
2013-11-02,96319
2013-11-03,67692
2013-11-04,135448
2013-11-05,134155
2013-11-06,135421
2013-11-07,136559
2013-11-08,147300
2013-11-09,91654
2013-11-10,69996
2013-11-11,129849
2013-11-12,139634
2013-11-13,135885
2013-11-14,136703
2013-11-15,146906
2013-11-16,89309
2013-11-17,67055
2013-11-18,127403
2013-11-19,131427
2013-11-20,132997
2013-11-21,137674
2013-11-22,148555
2013-11-23,93030
2013-11-24,71564
2013-11-25,131877
2013-11-26,135515
2013-11-27,137334
2013-11-28,145147
2013-11-29,165210
2013-11-30,103444
2013-12-01,81720
2013-12-02,140436
2013-12-03,143040
2013-12-04,153091
2013-12-05,115453
2013-12-06,158090
2013-12-07,116533
2013-12-08,79563
2013-12-09,149673
2013-12-10,152328
2013-12-11,150895
2013-12-12,155481
2013-12-13,173716
2013-12-14,114088
2013-12-15,82060
2013-12-16,148952
2013-12-17,156064
2013-12-18,155583
2013-12-19,161756
2013-12-20,169978
2013-12-21,102094
2013-12-22,77156
2013-12-23,90810
2013-12-24,33849
2013-12-25,37366
2013-12-26,52298
2013-12-27,98930
2013-12-28,81826
2013-12-29,67197
2013-12-30,105918
2013-12-31,67830
2014-01-01,58262
2014-01-02,114018
2014-01-03,127256
2014-01-04,82981
2014-01-05,58850
2014-01-06,141925
2014-01-07,142003
2014-01-08,140738
2014-01-09,151693
2014-01-10,158488
2014-01-11,92512
2014-01-12,65844
2014-01-13,147208
2014-01-14,148532
2014-01-15,144119
2014-01-16,157057
2014-01-17,164842
2014-01-18,93248
2014-01-19,66561
2014-01-20,155109
2014-01-21,152691
2014-01-22,152031
2014-01-23,154528
2014-01-24,162108
2014-01-25,91689
2014-01-26,64923
2014-01-27,152767
2014-01-28,162267
2014-01-29,162004
2014-01-30,164982
2014-01-31,181918
2014-02-01,104213
2014-02-02,76229
2014-02-03,158322
2014-02-04,156636
2014-02-05,156318
2014-02-06,159060
2014-02-07,172457
2014-02-08,95663
2014-02-09,67115
2014-02-10,132249
2014-02-11,134482
2014-02-12,134818
2014-02-13,138778
2014-02-14,101491
2014-02-15,92087
2014-02-16,69468
2014-02-17,137926
2014-02-18,141608
2014-02-19,144468
2014-02-20,145731
2014-02-21,157529
2014-02-22,95889
2014-02-23,71840
2014-02-24,142302
2014-02-25,145260
2014-02-26,147274
2014-02-27,152414
2014-02-28,173610
2014-03-01,106882
2014-03-02,77440
2014-03-03,149336
2014-03-04,151110
2014-03-05,152093
2014-03-06,154058
2014-03-07,166786
2014-03-08,103386
2014-03-09,76737
2014-03-10,142074
2014-03-11,145717
2014-03-12,145435
2014-03-13,147049
2014-03-14,159388
2014-03-15,104535
2014-03-16,74507
2014-03-17,151139
2014-03-18,148161
2014-03-19,151540
2014-03-20,154529
2014-03-21,166938
2014-03-22,101958
2014-03-23,75369
2014-03-24,143466
2014-03-25,149291
2014-03-26,153505
2014-03-27,152947
2014-03-28,163977
2014-03-29,119397
2014-03-30,75000
2014-03-31,147094
2014-04-01,149938
2014-04-02,155450
2014-04-03,157146
2014-04-04,174709
2014-04-05,109914
2014-04-06,81663
2014-04-07,152481
2014-04-08,164254
2014-04-09,164826
2014-04-10,162095
2014-04-11,176491
2014-04-12,105651
2014-04-13,78006
2014-04-14,128730
2014-04-15,124848
2014-04-16,128948
2014-04-17,74436
2014-04-18,72390
2014-04-19,92744
2014-04-20,75763
2014-04-21,65750
2014-04-22,148131
2014-04-23,149667
2014-04-24,159005
2014-04-25,166879
2014-04-26,105819
2014-04-27,80752
2014-04-28,143223
2014-04-29,145303
2014-04-30,157501
2014-05-01,159041
2014-05-02,172409
2014-05-03,114706
2014-05-04,88576
2014-05-05,152976
2014-05-06,163709
2014-05-07,172521
2014-05-08,166231
2014-05-09,180398
2014-05-10,112316
2014-05-11,84463
2014-05-12,162348
2014-05-13,161486
2014-05-14,160369
2014-05-15,176865
2014-05-16,88414
2014-05-17,104620
2014-05-18,87807
2014-05-19,150336
2014-05-20,147115
2014-05-21,145303
2014-05-22,151179
2014-05-23,169425
2014-05-24,106326
2014-05-25,77482
2014-05-26,143515
2014-05-27,149363
2014-05-28,177855
2014-05-29,80725
2014-05-30,130176
2014-05-31,104620
2014-06-01,83078
2014-06-02,148611
2014-06-03,158212
2014-06-04,174610
2014-06-05,99992
2014-06-06,154961
2014-06-07,109275
2014-06-08,81924
2014-06-09,73663
2014-06-10,151186
2014-06-11,160638
2014-06-12,158134
2014-06-13,171873
2014-06-14,108752
2014-06-15,81205
2014-06-16,150858
2014-06-17,154137
2014-06-18,152243
2014-06-19,164489
2014-06-20,178773
2014-06-21,111516
2014-06-22,79768
2014-06-23,155999
2014-06-24,152782
2014-06-25,153582
2014-06-26,157689
2014-06-27,166067
2014-06-28,106375
2014-06-29,77389
2014-06-30,132428
2014-07-01,131619
2014-07-02,132989
2014-07-03,132687
2014-07-04,136716
2014-07-05,96211
2014-07-06,78804
2014-07-07,119868
2014-07-08,122033
2014-07-09,124934
2014-07-10,124562
2014-07-11,128233
2014-07-12,92641
2014-07-13,66177
2014-07-14,106960
2014-07-15,106766
2014-07-16,108354
2014-07-17,107056
2014-07-18,112330
2014-07-19,88447
2014-07-20,73529
2014-07-21,100417
2014-07-22,102151
2014-07-23,104539
2014-07-24,105150
2014-07-25,110552
2014-07-26,89068
2014-07-27,76776
2014-07-28,105201
2014-07-29,106575
2014-07-30,114948
2014-07-31,123309
2014-08-01,135930
2014-08-02,109109
2014-08-03,81611
2014-08-04,135038
2014-08-05,133644
2014-08-06,135012
2014-08-07,135545
2014-08-08,148025
2014-08-09,103788
2014-08-10,86479
2014-08-11,145241
2014-08-12,149103
2014-08-13,152193
2014-08-14,158643
2014-08-15,177697
2014-08-16,114271
2014-08-17,81365
2014-08-18,160262
2014-08-19,162683
2014-08-20,162095
2014-08-21,164755
2014-08-22,181845
2014-08-23,117509
2014-08-24,93551
2014-08-25,157779
2014-08-26,160925
2014-08-27,160165
2014-08-28,163893
2014-08-29,199277
2014-08-30,135370
2014-08-31,87349
2014-09-01,165478
2014-09-02,162516
2014-09-03,161177
2014-09-04,166125
2014-09-05,187047
2014-09-06,123857
2014-09-07,89372
2014-09-08,156691
2014-09-09,163089
2014-09-10,163615
2014-09-11,163910
2014-09-12,182780
2014-09-13,119970
2014-09-14,89374
2014-09-15,159102
2014-09-16,158287
2014-09-17,160299
2014-09-18,165154
2014-09-19,183390
2014-09-20,120106
2014-09-21,89449
2014-09-22,162701
2014-09-23,160676
2014-09-24,165829
2014-09-25,173141
2014-09-26,186805
2014-09-27,116754
2014-09-28,90567
2014-09-29,156153
2014-09-30,170406
2014-10-01,180397
2014-10-02,172126
2014-10-03,189334
2014-10-04,126831
2014-10-05,94274
2014-10-06,162901
2014-10-07,178566
2014-10-08,171859
2014-10-09,179078
2014-10-10,192223
2014-10-11,121345
2014-10-12,88468
2014-10-13,143555
2014-10-14,148039
2014-10-15,148389
2014-10-16,152945
2014-10-17,161449
2014-10-18,115819
2014-10-19,87787
2014-10-20,169088
2014-10-21,171906
2014-10-22,172573
2014-10-23,176483
2014-10-24,190831
2014-10-25,119006
2014-10-26,89995
2014-10-27,164609
2014-10-28,168745
2014-10-29,167382
2014-10-30,175090
2014-10-31,207178
2014-11-01,138044
2014-11-02,101222
2014-11-03,178292
2014-11-04,178444
2014-11-05,193067
2014-11-06,185903
2014-11-07,205574
2014-11-08,130294
2014-11-09,94326
2014-11-10,172579
2014-11-11,174635
2014-11-12,177181
2014-11-13,179984
2014-11-14,201935
2014-11-15,126949
2014-11-16,91862
2014-11-17,173460
2014-11-18,181451
2014-11-19,179723
2014-11-20,185620
2014-11-21,202582
2014-11-22,131733
2014-11-23,94026
2014-11-24,187084
2014-11-25,175708
2014-11-26,178595
2014-11-27,184974
2014-11-28,229437
2014-11-29,144314
2014-11-30,106086
2014-12-01,184658
2014-12-02,186424
2014-12-03,190052
2014-12-04,197807
2014-12-05,226719
2014-12-06,156036
2014-12-07,112157
2014-12-08,187949
2014-12-09,194716
2014-12-10,214475
2014-12-11,209821
2014-12-12,230474
2014-12-13,160042
2014-12-14,113213
2014-12-15,202276
2014-12-16,204452
2014-12-17,204688
2014-12-18,215739
2014-12-19,235948
2014-12-20,146709
2014-12-21,112105
2014-12-22,174704
2014-12-23,129132
2014-12-24,47635
2014-12-25,53433
2014-12-26,74996
2014-12-27,115232
2014-12-28,94112
2014-12-29,154127
2014-12-30,148269
2014-12-31,97816
2015-01-01,81287
2015-01-02,136639
2015-01-03,112925
2015-01-04,84536
2015-01-05,179991
2015-01-06,181060
2015-01-07,183383
2015-01-08,191658
2015-01-09,212627
2015-01-10,121923
2015-01-11,88868
2015-01-12,193222
2015-01-13,190130
2015-01-14,188531
2015-01-15,202376
2015-01-16,212434
2015-01-17,131238
2015-01-18,90726
2015-01-19,193565
2015-01-20,202543
2015-01-21,194818
2015-01-22,196838
2015-01-23,209724
2015-01-24,128841
2015-01-25,95336
2015-01-26,189725
2015-01-27,189216
2015-01-28,188348
2015-01-29,199760
2015-01-30,223575
2015-01-31,139609
2015-02-01,102990
2015-02-02,210345
2015-02-03,221151
2015-02-04,216341
2015-02-05,217113
2015-02-06,227544
2015-02-07,135925
2015-02-08,97441
2015-02-09,179195
2015-02-10,182915
2015-02-11,184322
2015-02-12,191512
2015-02-13,200358
2015-02-14,143808
2015-02-15,98220
2015-02-16,199010
2015-02-17,196761
2015-02-18,199864
2015-02-19,208024
2015-02-20,227199
2015-02-21,146912
2015-02-22,111095
2015-02-23,219337
2015-02-24,216202
2015-02-25,215988
2015-02-26,224496
2015-02-27,254970
2015-02-28,165875
2015-03-01,115544
2015-03-02,228250
2015-03-03,225929
2015-03-04,224118
2015-03-05,232717
2015-03-06,255354
2015-03-07,161638
2015-03-08,126478
2015-03-09,215374
2015-03-10,223786
2015-03-11,223585
2015-03-12,231586
2015-03-13,251264
2015-03-14,163325
2015-03-15,118643
2015-03-16,217130
2015-03-17,224220
2015-03-18,225253
2015-03-19,233557
2015-03-20,250468
2015-03-21,163748
2015-03-22,120521
2015-03-23,220404
2015-03-24,228735
2015-03-25,232339
2015-03-26,250230
2015-03-27,251877
2015-03-28,157418
2015-03-29,111092
2015-03-30,198683
2015-03-31,215686
2015-04-01,219426
2015-04-02,123023
2015-04-03,120825
2015-04-04,154620
2015-04-05,120855
2015-04-06,114095
2015-04-07,237243
2015-04-08,235864
2015-04-09,240083
2015-04-10,268083
2015-04-11,183420
2015-04-12,126698
2015-04-13,242710
2015-04-14,251299
2015-04-15,251639
2015-04-16,261251
2015-04-17,272024
2015-04-18,181691
2015-04-19,132392
2015-04-20,230239
2015-04-21,234790
2015-04-22,238844
2015-04-23,251639
2015-04-24,276301
2015-04-25,189931
2015-04-26,138433
2015-04-27,235402
2015-04-28,239659
2015-04-29,246202
2015-04-30,297878
2015-05-01,171347
2015-05-02,197696
2015-05-03,144916
2015-05-04,255616
2015-05-05,254754
2015-05-06,248598
2015-05-07,268236
2015-05-08,285536
2015-05-09,189335
2015-05-10,142951
2015-05-11,243004
2015-05-12,263074
2015-05-13,293706
2015-05-14,142618
2015-05-15,218267
2015-05-16,168867
2015-05-17,132798
2015-05-18,254292
2015-05-19,260574
2015-05-20,254095
2015-05-21,259728
2015-05-22,283762
2015-05-23,190699
2015-05-24,157230
2015-05-25,114868
2015-05-26,250678
2015-05-27,252379
2015-05-28,267748
2015-05-29,307440
2015-05-30,200036
2015-05-31,144402
2015-06-01,253168
2015-06-02,272844
2015-06-03,279746
2015-06-04,313623
2015-06-05,209272
2015-06-06,199497
2015-06-07,149526
2015-06-08,248337
2015-06-09,252832
2015-06-10,251651
2015-06-11,261860
2015-06-12,288203
2015-06-13,197256
2015-06-14,148940
2015-06-15,250442
2015-06-16,254524
2015-06-17,271717
2015-06-18,280079
2015-06-19,307084
2015-06-20,206943
2015-06-21,144731
2015-06-22,278891
2015-06-23,278205
2015-06-24,271643
2015-06-25,277181
2015-06-26,288478
2015-06-27,183869
2015-06-28,132897
2015-06-29,225239
2015-06-30,241598
2015-07-01,248106
2015-07-02,243980
2015-07-03,248585
2015-07-04,185395
2015-07-05,151603
2015-07-06,229954
2015-07-07,234721
2015-07-08,235449
2015-07-09,234179
2015-07-10,252045
2015-07-11,184220
2015-07-12,129782
2015-07-13,197152
2015-07-14,200998
2015-07-15,206996
2015-07-16,210021
2015-07-17,211422
2015-07-18,170348
2015-07-19,130906
2015-07-20,190774
2015-07-21,200542
2015-07-22,198904
2015-07-23,199538
2015-07-24,217845
2015-07-25,155562
2015-07-26,145033
2015-07-27,202996
2015-07-28,207919
2015-07-29,213945
2015-07-30,220029
2015-07-31,255548
2015-08-01,216342
2015-08-02,168458
2015-08-03,249317
2015-08-04,245647
2015-08-05,251982
2015-08-06,260076
2015-08-07,265582
2015-08-08,205443
2015-08-09,164943
2015-08-10,259647
2015-08-11,292313
2015-08-12,277569
2015-08-13,286691
2015-08-14,328243
2015-08-15,221572
2015-08-16,152861
2015-08-17,274696
2015-08-18,283001
2015-08-19,280637
2015-08-20,286328
2015-08-21,320620
2015-08-22,229211
2015-08-23,189418
2015-08-24,285052
2015-08-25,306595
2015-08-26,294804
2015-08-27,314685
2015-08-28,337893
2015-08-29,237568
2015-08-30,164167
2015-08-31,298614
2015-09-01,302245
2015-09-02,300116
2015-09-03,310698
2015-09-04,354532
2015-09-05,228818
2015-09-06,166495
2015-09-07,282681
2015-09-08,290699
2015-09-09,292715
2015-09-10,298486
2015-09-11,327555
2015-09-12,233365
2015-09-13,171434
2015-09-14,285988
2015-09-15,294563
2015-09-16,297400
2015-09-17,304117
2015-09-18,337583
2015-09-19,225256
2015-09-20,170228
2015-09-21,279465
2015-09-22,296006
2015-09-23,296131
2015-09-24,304505
2015-09-25,329056
2015-09-26,223816
2015-09-27,166072
2015-09-28,272864
2015-09-29,284420
2015-09-30,303437
2015-10-01,312918
2015-10-02,345716
2015-10-03,234366
2015-10-04,170577
2015-10-05,284981
2015-10-06,311398
2015-10-07,325924
2015-10-08,331402
2015-10-09,346041
2015-10-10,223402
2015-10-11,167287
2015-10-12,255490
2015-10-13,268491
2015-10-14,270752
2015-10-15,273779
2015-10-16,277954
2015-10-17,214089
2015-10-18,161694
2015-10-19,283123
2015-10-20,295937
2015-10-21,299751
2015-10-22,319125
2015-10-23,350163
2015-10-24,223636
2015-10-25,166540
2015-10-26,286788
2015-10-27,300689
2015-10-28,308267
2015-10-29,323060
2015-10-30,367639
2015-10-31,254784
2015-11-01,184585
2015-11-02,294288
2015-11-03,311738
2015-11-04,309259
2015-11-05,333854
2015-11-06,378818
2015-11-07,248273
2015-11-08,176900
2015-11-09,295081
2015-11-10,319670
2015-11-11,322311
2015-11-12,325089
2015-11-13,357133
2015-11-14,239612
2015-11-15,169400
2015-11-16,319696
2015-11-17,335546
2015-11-18,325636
2015-11-19,339159
2015-11-20,360988
2015-11-21,241820
2015-11-22,170136
2015-11-23,361150
2015-11-24,351638
2015-11-25,337910
2015-11-26,340217
2015-11-27,417055
2015-11-28,243280
2015-11-29,179865
2015-11-30,336840
2015-12-01,337055
2015-12-02,354541
2015-12-03,354553
2015-12-04,408567
2015-12-05,278752
2015-12-06,198338
2015-12-07,331099
2015-12-08,345613
2015-12-09,346211
2015-12-10,358937
2015-12-11,402449
2015-12-12,291750
2015-12-13,203696
2015-12-14,339002
2015-12-15,350829
2015-12-16,360591
2015-12-17,380399
2015-12-18,404293
2015-12-19,277678
2015-12-20,211811
2015-12-21,336377
2015-12-22,321048
2015-12-23,245524
2015-12-24,90226
2015-12-25,102385
2015-12-26,126306
2015-12-27,173356
2015-12-28,245168
2015-12-29,250047
2015-12-30,256116
2015-12-31,173810
2016-01-01,145189
2016-01-02,186576
2016-01-03,147237
2016-01-04,326769
2016-01-05,327911
2016-01-06,332306
2016-01-07,340290
2016-01-08,388012
2016-01-09,225258
2016-01-10,155309
2016-01-11,326519
2016-01-12,325068
2016-01-13,343279
2016-01-14,388799
2016-01-15,386411
2016-01-16,228820
2016-01-17,166503
2016-01-18,335755
2016-01-19,347796
2016-01-20,346078
2016-01-21,352743
2016-01-22,372272
2016-01-23,230340
2016-01-24,161150
2016-01-25,308312
2016-01-26,314640
2016-01-27,323088
2016-01-28,337854
2016-01-29,378055
2016-01-30,239281
2016-01-31,173607
2016-02-01,333657
2016-02-02,345970
2016-02-03,347014
2016-02-04,345509
2016-02-05,367858
2016-02-06,231140
2016-02-07,169452
2016-02-08,333225
2016-02-09,335940
2016-02-10,345688
2016-02-11,336369
2016-02-12,352542
2016-02-13,226572
2016-02-14,173856
2016-02-15,287121
2016-02-16,299149
2016-02-17,300485
2016-02-18,311853
2016-02-19,314330
2016-02-20,216131
2016-02-21,164354
2016-02-22,296901
2016-02-23,308842
2016-02-24,310280
2016-02-25,320991
2016-02-26,348451
2016-02-27,229707
2016-02-28,168260
2016-02-29,317982
2016-03-01,330637
2016-03-02,354213
2016-03-03,347012
2016-03-04,368606
2016-03-05,246447
2016-03-06,176910
2016-03-07,323982
2016-03-08,334679
2016-03-09,332716
2016-03-10,324827
2016-03-11,362153
2016-03-12,236711
2016-03-13,174723
2016-03-14,310550
2016-03-15,323737
2016-03-16,329320
2016-03-17,335596
2016-03-18,354753
2016-03-19,224746
2016-03-20,165603
2016-03-21,260342
2016-03-22,258840
2016-03-23,270468
2016-03-24,161894
2016-03-25,148888
2016-03-26,202704
2016-03-27,151340
2016-03-28,143727
2016-03-29,309946
2016-03-30,320141
2016-03-31,342582
2016-04-01,365821
2016-04-02,242006
2016-04-03,170547
2016-04-04,314398
2016-04-05,331404
2016-04-06,343600
2016-04-07,347559
2016-04-08,371478
2016-04-09,251897
2016-04-10,176603
2016-04-11,309005
2016-04-12,324742
2016-04-13,327406
2016-04-14,339426
2016-04-15,381453
2016-04-16,254436
2016-04-17,184587
2016-04-18,311363
2016-04-19,335552
2016-04-20,337354
2016-04-21,369319
2016-04-22,201269
2016-04-23,228397
2016-04-24,172996
2016-04-25,325244
2016-04-26,345827
2016-04-27,358827
2016-04-28,356005
2016-04-29,398709
2016-04-30,265861
2016-05-01,216856
2016-05-02,315668
2016-05-03,332428
2016-05-04,369882
2016-05-05,198623
2016-05-06,288643
2016-05-07,242996
2016-05-08,192667
2016-05-09,315412
2016-05-10,312265
2016-05-11,316207
2016-05-12,326166
2016-05-13,358677
2016-05-14,240855
2016-05-15,165922
2016-05-16,156229
2016-05-17,323096
2016-05-18,322016
2016-05-19,330448
2016-05-20,375161
2016-05-21,251627
2016-05-22,199817
2016-05-23,301546
2016-05-24,306836
2016-05-25,313752
2016-05-26,328967
2016-05-27,360316
2016-05-28,243077
2016-05-29,190666
2016-05-30,310618
2016-05-31,320041
2016-06-01,339383
2016-06-02,353621
2016-06-03,380322
2016-06-04,274826
2016-06-05,195377
2016-06-06,305075
2016-06-07,313950
2016-06-08,321338
2016-06-09,331271
2016-06-10,368802
2016-06-11,254449
2016-06-12,181554
2016-06-13,307631
2016-06-14,329060
2016-06-15,329585
2016-06-16,365010
2016-06-17,363528
2016-06-18,249421
2016-06-19,180068
2016-06-20,321383
2016-06-21,363437
2016-06-22,351671
2016-06-23,361123
2016-06-24,355025
2016-06-25,232050
2016-06-26,172432
2016-06-27,284674
2016-06-28,292343
2016-06-29,293472
2016-06-30,320027
2016-07-01,325232
2016-07-02,228286
2016-07-03,186905
2016-07-04,284726
2016-07-05,296687
2016-07-06,322427
2016-07-07,310670
2016-07-08,310660
2016-07-09,226260
2016-07-10,158701
2016-07-11,247987
2016-07-12,251966
2016-07-13,258351
2016-07-14,253856
2016-07-15,262695
2016-07-16,198367
2016-07-17,156694
2016-07-18,222698
2016-07-19,233307
2016-07-20,239961
2016-07-21,235371
2016-07-22,245135
2016-07-23,202179
2016-07-24,178997
2016-07-25,223281
2016-07-26,231205
2016-07-27,232402
2016-07-28,244653
2016-07-29,267479
2016-07-30,225819
2016-07-31,198456
2016-08-01,267839
2016-08-02,277323
2016-08-03,281758
2016-08-04,294985
2016-08-05,301992
2016-08-06,237204
2016-08-07,184253
2016-08-08,299828
2016-08-09,309278
2016-08-10,322909
2016-08-11,330082
2016-08-12,370516
2016-08-13,250449
2016-08-14,188343
2016-08-15,315135
2016-08-16,324023
2016-08-17,325537
2016-08-18,334070
2016-08-19,375266
2016-08-20,273231
2016-08-21,203599
2016-08-22,310700
2016-08-23,320495
2016-08-24,323996
2016-08-25,333787
2016-08-26,371784
2016-08-27,269142
2016-08-28,184666
2016-08-29,329678
2016-08-30,330140
2016-08-31,348446
2016-09-01,354965
2016-09-02,406787
2016-09-03,280010
2016-09-04,195279
2016-09-05,327615
2016-09-06,329927
2016-09-07,331343
2016-09-08,347648
2016-09-09,382875
2016-09-10,272753
2016-09-11,196523
2016-09-12,310669
2016-09-13,324049
2016-09-14,325256
2016-09-15,337096
2016-09-16,375165
2016-09-17,256076
2016-09-18,209716
2016-09-19,312862
2016-09-20,320580
2016-09-21,327063
2016-09-22,332882
2016-09-23,365887
2016-09-24,263544
2016-09-25,192323
2016-09-26,308818
2016-09-27,323799
2016-09-28,338049
2016-09-29,365913
2016-09-30,405257
2016-10-01,281239
2016-10-02,209816
2016-10-03,364108
2016-10-04,340766
2016-10-05,344224
2016-10-06,359731
2016-10-07,390796
2016-10-08,260316
2016-10-09,182281
2016-10-10,357406
2016-10-11,354673
2016-10-12,351114
2016-10-13,363301
2016-10-14,394348
2016-10-15,253021
2016-10-16,180611
2016-10-17,289494
2016-10-18,294281
2016-10-19,301526
2016-10-20,314643
2016-10-21,327283
2016-10-22,240798
2016-10-23,184929
2016-10-24,326671
2016-10-25,338208
2016-10-26,351356
2016-10-27,372364
2016-10-28,410210
2016-10-29,275354
2016-10-30,202389
2016-10-31,348392
2016-11-01,362144
2016-11-02,379929
2016-11-03,379547
2016-11-04,433170
2016-11-05,278833
2016-11-06,199270
2016-11-07,349975
2016-11-08,362575
2016-11-09,379139
2016-11-10,378456
2016-11-11,419797
2016-11-12,269504
2016-11-13,191864
2016-11-14,347610
2016-11-15,372642
2016-11-16,359353
2016-11-17,372124
2016-11-18,412564
2016-11-19,274244
2016-11-20,192722
2016-11-21,337386
2016-11-22,356322
2016-11-23,349104
2016-11-24,368420
2016-11-25,477268
2016-11-26,274472
2016-11-27,206560
2016-11-28,340792
2016-11-29,352008
2016-11-30,376097
2016-12-01,399877
2016-12-02,446405
2016-12-03,318334
2016-12-04,224020
2016-12-05,362386
2016-12-06,382459
2016-12-07,395919
2016-12-08,396773
2016-12-09,449619
2016-12-10,321668
2016-12-11,224601
2016-12-12,373647
2016-12-13,383287
2016-12-14,397581
2016-12-15,408235
2016-12-16,441798
2016-12-17,310295
2016-12-18,226222
2016-12-19,376193
2016-12-20,390984
2016-12-21,393450
2016-12-22,371857
2016-12-23,276488
2016-12-24,100951
2016-12-25,108262
2016-12-26,136439
2016-12-27,260589
2016-12-28,272439
2016-12-29,279469
2016-12-30,285986
2016-12-31,191999
2017-01-01,169672
2017-01-02,289846
2017-01-03,325348
2017-01-04,344771
2017-01-05,365398
2017-01-06,397315
2017-01-07,247780
2017-01-08,172997
2017-01-09,349837
2017-01-10,352346
2017-01-11,368163
2017-01-12,375322
2017-01-13,391442
2017-01-14,261385
2017-01-15,177795
2017-01-16,354397
2017-01-17,359560
2017-01-18,355360
2017-01-19,366098
2017-01-20,393454
2017-01-21,249870
2017-01-22,172272
2017-01-23,333548
2017-01-24,344461
2017-01-25,350319
2017-01-26,362753
2017-01-27,390702
2017-01-28,255185
2017-01-29,174675
2017-01-30,338607
2017-01-31,362987
2017-02-01,374562
2017-02-02,384679
2017-02-03,420180
2017-02-04,269402
2017-02-05,191374
2017-02-06,362208
2017-02-07,396719
2017-02-08,423642
2017-02-09,444102
2017-02-10,434598
2017-02-11,260511
2017-02-12,187503
2017-02-13,329739
2017-02-14,353619
2017-02-15,344762
2017-02-16,343587
2017-02-17,360697
2017-02-18,259097
2017-02-19,188557
2017-02-20,364304
2017-02-21,373095
2017-02-22,378278
2017-02-23,400486
2017-02-24,430235
2017-02-25,268187
2017-02-26,188024
2017-02-27,358775
2017-02-28,394080
2017-03-01,395901
2017-03-02,406492
2017-03-03,429404
2017-03-04,289117
2017-03-05,202150
2017-03-06,372753
2017-03-07,388165
2017-03-08,389456
2017-03-09,394353
2017-03-10,417201
2017-03-11,273434
2017-03-12,193994
2017-03-13,354338
2017-03-14,366024
2017-03-15,377508
2017-03-16,380696
2017-03-17,413610
2017-03-18,274681
2017-03-19,193544
2017-03-20,363300
2017-03-21,372349
2017-03-22,373674
2017-03-23,378141
2017-03-24,406919
2017-03-25,277297
2017-03-26,198168
2017-03-27,341777
2017-03-28,356866
2017-03-29,384398
2017-03-30,394595
2017-03-31,439834
2017-04-01,295186
2017-04-02,203949
2017-04-03,367254
2017-04-04,378785
2017-04-05,400833
2017-04-06,406645
2017-04-07,435527
2017-04-08,272048
2017-04-09,212698
2017-04-10,314679
2017-04-11,331374
2017-04-12,331566
2017-04-13,189207
2017-04-14,193234
2017-04-15,226882
2017-04-16,187979
2017-04-17,166224
2017-04-18,379921
2017-04-19,385552
2017-04-20,392809
2017-04-21,435325
2017-04-22,294578
2017-04-23,206391
2017-04-24,399458
2017-04-25,389645
2017-04-26,402038
2017-04-27,406688
2017-04-28,470798
2017-04-29,313025
2017-04-30,242031
2017-05-01,369595
2017-05-02,382389
2017-05-03,386944
2017-05-04,397322
2017-05-05,435570
2017-05-06,306234
2017-05-07,210706
2017-05-08,377099
2017-05-09,395323
2017-05-10,409522
2017-05-11,457125
2017-05-12,230901
2017-05-13,265711
2017-05-14,215898
2017-05-15,365964
2017-05-16,387948
2017-05-17,377876
2017-05-18,395304
2017-05-19,420925
2017-05-20,287703
2017-05-21,228544
2017-05-22,356895
2017-05-23,367309
2017-05-24,425423
2017-05-25,219048
2017-05-26,307724
2017-05-27,255917
2017-05-28,199193
2017-05-29,357356
2017-05-30,364151
2017-05-31,434567
2017-06-01,446325
2017-06-02,460695
2017-06-03,304941
2017-06-04,211537
2017-06-05,210883
2017-06-06,392671
2017-06-07,426750
2017-06-08,424139
2017-06-09,439891
2017-06-10,294234
2017-06-11,213325
2017-06-12,381813
2017-06-13,399391
2017-06-14,395460
2017-06-15,405715
2017-06-16,437261
2017-06-17,296894
2017-06-18,217866
2017-06-19,384258
2017-06-20,410643
2017-06-21,415471
2017-06-22,417919
2017-06-23,426103
2017-06-24,269038
2017-06-25,208204
2017-06-26,350367
2017-06-27,366285
2017-06-28,355447
2017-06-29,358771
2017-06-30,395469
2017-07-01,276558
2017-07-02,209509
2017-07-03,327894
2017-07-04,340199
2017-07-05,332608
2017-07-06,334094
2017-07-07,336361
2017-07-08,250579
2017-07-09,199441
2017-07-10,287688
2017-07-11,296816
2017-07-12,297895
2017-07-13,309951
2017-07-14,307295
2017-07-15,246325
2017-07-16,168820
2017-07-17,261843
2017-07-18,266139
2017-07-19,277207
2017-07-20,270498
2017-07-21,285673
2017-07-22,232643
2017-07-23,167577
2017-07-24,261925
2017-07-25,267270
2017-07-26,271244
2017-07-27,275719
2017-07-28,295293
2017-07-29,235066
2017-07-30,195313
2017-07-31,311249
2017-08-01,323462
2017-08-02,330879
2017-08-03,327492
2017-08-04,357717
2017-08-05,281875
2017-08-06,221902
2017-08-07,360635
2017-08-08,363801
2017-08-09,368247
2017-08-10,383736
2017-08-11,412689
2017-08-12,273936
2017-08-13,215400
2017-08-14,378833
2017-08-15,395652
2017-08-16,404179
2017-08-17,416411
2017-08-18,465410
2017-08-19,318728
2017-08-20,226193
2017-08-21,397551
2017-08-22,401716
2017-08-23,408475
2017-08-24,410035
2017-08-25,464809
2017-08-26,324850
2017-08-27,228075
2017-08-28,395961
2017-08-29,409308
2017-08-30,426902
2017-08-31,456957
2017-09-01,510047
2017-09-02,341840
2017-09-03,237235
2017-09-04,415290
2017-09-05,422905
2017-09-06,447579
2017-09-07,482589
2017-09-08,519454
2017-09-09,306649
2017-09-10,239917
2017-09-11,422733
2017-09-12,427381
2017-09-13,444542
2017-09-14,470139
2017-09-15,490439
2017-09-16,303401
2017-09-17,227904
2017-09-18,411867
2017-09-19,420383
2017-09-20,426016
2017-09-21,437121
2017-09-22,479721
2017-09-23,303793
2017-09-24,220141
2017-09-25,405680
2017-09-26,414777
2017-09-27,421588
2017-09-28,447159
2017-09-29,519801
2017-09-30,326513
2017-10-01,230496
2017-10-02,456082
2017-10-03,455635
2017-10-04,469837
2017-10-05,466926
2017-10-06,497162
2017-10-07,316146
2017-10-08,238909
2017-10-09,424518
2017-10-10,438638
2017-10-11,453420
2017-10-12,474371
2017-10-13,477051
2017-10-14,286909
2017-10-15,219167
2017-10-16,343573
2017-10-17,353267
2017-10-18,361350
2017-10-19,365623
2017-10-20,400838
2017-10-21,294599
2017-10-22,220812
2017-10-23,417697
2017-10-24,448970
2017-10-25,464399
2017-10-26,465049
2017-10-27,499142
2017-10-28,310195
2017-10-29,224849
2017-10-30,434505
2017-10-31,460674
2017-11-01,470159
2017-11-02,477552
2017-11-03,527767
2017-11-04,336643
2017-11-05,236440
2017-11-06,431025
2017-11-07,448250
2017-11-08,449042
2017-11-09,461571
2017-11-10,509059
2017-11-11,331330
2017-11-12,224944
2017-11-13,433680
2017-11-14,459019
2017-11-15,455108
2017-11-16,465885
2017-11-17,505839
2017-11-18,316521
2017-11-19,227758
2017-11-20,439937
2017-11-21,444553
2017-11-22,490459
2017-11-23,466808
2017-11-24,595430
2017-11-25,327351
2017-11-26,232361
2017-11-27,448328
2017-11-28,463624
2017-11-29,466977
2017-11-30,498755
2017-12-01,548310
2017-12-02,362619
2017-12-03,267001
2017-12-04,467469
2017-12-05,480270
2017-12-06,510265
2017-12-07,522959
2017-12-08,556174
2017-12-09,377559
2017-12-10,262185
2017-12-11,488497
2017-12-12,523748
2017-12-13,523190
2017-12-14,545828
2017-12-15,562544
2017-12-16,377868
2017-12-17,271911
2017-12-18,484505
2017-12-19,497265
2017-12-20,502352
2017-12-21,480997
2017-12-22,437422
2017-12-23,231994
2017-12-24,112831
2017-12-25,126611
2017-12-26,167830
2017-12-27,311976
2017-12-28,327417
2017-12-29,364065
2017-12-30,265002
2017-12-31,212565
2018-01-01,195820
2018-01-02,351472
2018-01-03,428656
2018-01-04,454202
2018-01-05,483500
2018-01-06,281626
2018-01-07,205805
2018-01-08,459078
2018-01-09,473229
2018-01-10,471051
2018-01-11,473595
2018-01-12,500000
2018-01-13,292150
2018-01-14,203033
2018-01-15,456549
2018-01-16,469556
2018-01-17,465146
2018-01-18,470725
2018-01-19,503457
2018-01-20,303273
2018-01-21,208979
2018-01-22,445165
2018-01-23,460197
2018-01-24,460288
2018-01-25,471613
2018-01-26,490928
2018-01-27,296214
2018-01-28,208212
2018-01-29,451425
2018-01-30,461338
2018-01-31,491335
2018-02-01,502417
2018-02-02,545319
2018-02-03,324731
2018-02-04,234742
2018-02-05,481051
2018-02-06,492902
2018-02-07,497378
2018-02-08,503047
2018-02-09,516386
2018-02-10,298576
2018-02-11,216104
2018-02-12,394598
2018-02-13,400897
2018-02-14,427057
2018-02-15,420952
2018-02-16,433094
2018-02-17,303703
2018-02-18,218175
2018-02-19,445837
2018-02-20,452589
2018-02-21,460116
2018-02-22,472774
2018-02-23,499220
2018-02-24,308773
2018-02-25,223858
2018-02-26,474661
2018-02-27,500883
2018-02-28,542974
2018-03-01,552551
2018-03-02,565559
2018-03-03,320648
2018-03-04,230825
2018-03-05,510692
2018-03-06,529077
2018-03-07,524552
2018-03-08,545755
2018-03-09,564546
2018-03-10,321748
2018-03-11,223207
2018-03-12,502054
2018-03-13,515186
2018-03-14,505674
2018-03-15,522304
2018-03-16,556005
2018-03-17,317847
2018-03-18,232400
2018-03-19,490163
2018-03-20,518025
2018-03-21,504753
2018-03-22,530868
2018-03-23,533173
2018-03-24,299255
2018-03-25,217397
2018-03-26,355981
2018-03-27,370415
2018-03-28,408754
2018-03-29,215261
2018-03-30,222286
2018-03-31,277765
2018-04-01,208060
2018-04-02,204053
2018-04-03,523904
2018-04-04,501246
2018-04-05,507950
2018-04-06,544861
2018-04-07,335695
2018-04-08,249506
2018-04-09,469595
2018-04-10,503590
2018-04-11,507331
2018-04-12,517307
2018-04-13,551834
2018-04-14,335327
2018-04-15,237357
2018-04-16,475580
2018-04-17,487928
2018-04-18,492276
2018-04-19,492387
2018-04-20,553445
2018-04-21,347931
2018-04-22,243189
2018-04-23,468294
2018-04-24,504130
2018-04-25,533212
2018-04-26,553742
2018-04-27,257417
2018-04-28,317310
2018-04-29,242138
2018-04-30,493507
2018-05-01,484663
2018-05-02,503721
2018-05-03,507980
2018-05-04,558648
2018-05-05,349476
2018-05-06,265797
2018-05-07,467055
2018-05-08,478501
2018-05-09,527214
2018-05-10,258972
2018-05-11,370611
2018-05-12,305736
2018-05-13,255523
2018-05-14,471935
2018-05-15,477742
2018-05-16,474285
2018-05-17,488818
2018-05-18,522485
2018-05-19,318642
2018-05-20,246544
2018-05-21,241211
2018-05-22,466223
2018-05-23,463674
2018-05-24,470237
2018-05-25,506441
2018-05-26,318572
2018-05-27,229145
2018-05-28,458385
2018-05-29,453432
2018-05-30,484148
2018-05-31,521478
2018-06-01,544233
2018-06-02,351946
2018-06-03,260695
2018-06-04,434613
2018-06-05,292019
2018-06-06,465769
2018-06-07,470793
2018-06-08,516190
2018-06-09,336085
2018-06-10,235561
2018-06-11,439731
2018-06-12,451559
2018-06-13,458826
2018-06-14,469083
2018-06-15,498569
2018-06-16,332390
2018-06-17,231987
2018-06-18,441533
2018-06-19,457291
2018-06-20,464962
2018-06-21,485992
2018-06-22,532653
2018-06-23,334398
2018-06-24,236310
2018-06-25,434611
2018-06-26,456131
2018-06-27,463761
2018-06-28,465362
2018-06-29,487492
2018-06-30,313885
2018-07-01,235685
2018-07-02,364976
2018-07-03,382519
2018-07-04,376685
2018-07-05,369109
2018-07-06,381183
2018-07-07,285886
2018-07-08,225355
2018-07-09,331908
2018-07-10,339786
2018-07-11,337545
2018-07-12,337292
2018-07-13,356635
2018-07-14,261606
2018-07-15,196797
2018-07-16,292923
2018-07-17,288881
2018-07-18,296908
2018-07-19,311324
2018-07-20,321944
2018-07-21,254625
2018-07-22,198148
2018-07-23,280392
2018-07-24,286990
2018-07-25,286140
2018-07-26,289911
2018-07-27,312673
2018-07-28,250100
2018-07-29,213749
2018-07-30,302178
2018-07-31,336780
2018-08-01,342290
2018-08-02,349604
2018-08-03,370174
2018-08-04,301367
2018-08-05,236930
2018-08-06,364218
2018-08-07,375405
2018-08-08,372119
2018-08-09,398702
2018-08-10,442620
2018-08-11,311195
2018-08-12,232009
2018-08-13,454835
2018-08-14,459589
2018-08-15,459014
2018-08-16,480967
2018-08-17,529484
2018-08-18,348842
2018-08-19,248717
2018-08-20,467315
2018-08-21,468237
2018-08-22,472907
2018-08-23,478566
2018-08-24,545258
2018-08-25,334520
2018-08-26,244808
2018-08-27,494647
2018-08-28,488479
2018-08-29,494369
2018-08-30,546253
2018-08-31,585357
2018-09-01,364441
2018-09-02,263935
2018-09-03,495392
2018-09-04,501935
2018-09-05,511685
2018-09-06,522349
2018-09-07,575924
2018-09-08,355405
2018-09-09,256313
2018-09-10,485601
2018-09-11,525445
2018-09-12,511060
2018-09-13,517789
2018-09-14,553336
2018-09-15,336587
2018-09-16,258399
2018-09-17,481105
2018-09-18,492100
2018-09-19,499883
2018-09-20,516199
2018-09-21,559712
2018-09-22,330421
2018-09-23,241594
2018-09-24,519785
2018-09-25,506128
2018-09-26,532840
2018-09-27,531367
2018-09-28,589702
2018-09-29,356434
2018-09-30,255040
2018-10-01,501823
2018-10-02,532178
2018-10-03,541355
2018-10-04,537607
2018-10-05,593051
2018-10-06,357970
2018-10-07,271700
2018-10-08,498941
2018-10-09,509707
2018-10-10,518706
2018-10-11,523010
2018-10-12,548418
2018-10-13,337388
2018-10-14,251772
2018-10-15,381119
2018-10-16,392340
2018-10-17,395167
2018-10-18,400818
2018-10-19,420626
2018-10-20,317362
2018-10-21,238001
2018-10-22,487155
2018-10-23,550239
2018-10-24,538703
2018-10-25,566055
2018-10-26,589565
2018-10-27,355891
2018-10-28,254484
2018-10-29,512867
2018-10-30,530801
2018-10-31,561567
2018-11-01,553460
2018-11-02,607892
2018-11-03,374561
2018-11-04,253515
2018-11-05,481822
2018-11-06,516693
2018-11-07,524413
2018-11-08,541165
2018-11-09,572777
2018-11-10,346465
2018-11-11,240665
2018-11-12,514794
2018-11-13,521784
2018-11-14,520046
2018-11-15,538235
2018-11-16,580862
2018-11-17,357966
2018-11-18,248163
2018-11-19,510077
2018-11-20,532083
2018-11-21,529797
2018-11-22,543195
2018-11-23,662126
2018-11-24,354094
2018-11-25,255057
2018-11-26,513153
2018-11-27,531830
2018-11-28,534711
2018-11-29,588985
2018-11-30,617571
2018-12-01,396044
2018-12-02,279008
2018-12-03,546980
2018-12-04,564750
2018-12-05,566489
2018-12-06,596580
2018-12-07,643874
2018-12-08,401320
2018-12-09,293248
2018-12-10,551591
2018-12-11,566176
2018-12-12,575269
2018-12-13,593863
2018-12-14,642432
2018-12-15,413894
2018-12-16,289249
2018-12-17,550359
2018-12-18,572096
2018-12-19,579970
2018-12-20,583588
2018-12-21,563115
2018-12-22,339026
2018-12-23,231019
2018-12-24,124911
2018-12-25,144474
2018-12-26,192521
2018-12-27,337133
2018-12-28,380492
2018-12-29,313108
2018-12-30,260623
2018-12-31,248563
2019-01-01,213697
2019-01-02,386154
2019-01-03,472471
2019-01-04,501200
2019-01-05,300908
2019-01-06,214345
2019-01-07,512185
2019-01-08,542338
2019-01-09,538764
2019-01-10,547452
2019-01-11,571855
2019-01-12,327003
2019-01-13,229667
2019-01-14,548579
2019-01-15,552724
2019-01-16,550731
2019-01-17,562632
2019-01-18,595617
2019-01-19,344224
2019-01-20,242483
2019-01-21,547564
2019-01-22,558157
2019-01-23,551014
2019-01-24,559041
2019-01-25,586152
2019-01-26,343575
2019-01-27,238483
2019-01-28,542368
2019-01-29,552111
2019-01-30,554477
2019-01-31,598671
2019-02-01,626896
2019-02-02,359960
2019-02-03,259191
2019-02-04,562326
2019-02-05,581664
2019-02-06,585460
2019-02-07,603192
2019-02-08,611487
2019-02-09,343462
2019-02-10,260398
2019-02-11,465979
2019-02-12,470825
2019-02-13,472275
2019-02-14,488328
2019-02-15,495775
2019-02-16,354326
2019-02-17,247127
2019-02-18,527096
2019-02-19,559224
2019-02-20,552542
2019-02-21,587372
2019-02-22,601726
2019-02-23,369121
2019-02-24,265602
2019-02-25,545811
2019-02-26,560768
2019-02-27,568201
2019-02-28,608921
2019-03-01,639154
2019-03-02,382157
2019-03-03,265754
2019-03-04,582687
2019-03-05,626201
2019-03-06,607930
2019-03-07,620757
2019-03-08,663125
2019-03-09,372384
2019-03-10,270545
2019-03-11,565949
2019-03-12,599318
2019-03-13,608151
2019-03-14,614095
2019-03-15,666825
2019-03-16,381936
2019-03-17,274839
2019-03-18,569446
2019-03-19,572269
2019-03-20,580177
2019-03-21,589904
2019-03-22,613569
2019-03-23,359625
2019-03-24,255633
2019-03-25,558035
2019-03-26,565865
2019-03-27,576122
2019-03-28,581381
2019-03-29,647977
2019-03-30,399894
2019-03-31,280581
2019-04-01,466965
2019-04-02,572108
2019-04-03,584426
2019-04-04,599300
2019-04-05,631854
2019-04-06,389677
2019-04-07,280216
2019-04-08,553772
2019-04-09,585841
2019-04-10,591718
2019-04-11,592920
2019-04-12,624431
2019-04-13,363519
2019-04-14,264851
2019-04-15,422803
2019-04-16,422630
2019-04-17,435128
2019-04-18,267741
2019-04-19,258832
2019-04-20,315172
2019-04-21,243344
2019-04-22,222974
2019-04-23,544782
2019-04-24,561390
2019-04-25,570429
2019-04-26,599382
2019-04-27,358489
2019-04-28,268061
2019-04-29,542968
2019-04-30,582367
2019-05-01,560856
2019-05-02,617618
2019-05-03,655092
2019-05-04,384742
2019-05-05,285316
2019-05-06,565347
2019-05-07,577670
2019-05-08,589035
2019-05-09,623559
2019-05-10,628523
2019-05-11,383107
2019-05-12,278066
2019-05-13,545177
2019-05-14,563319
2019-05-15,566366
2019-05-16,619589
2019-05-17,303062
2019-05-18,360075
2019-05-19,288858
2019-05-20,533292
2019-05-21,549960
2019-05-22,561466
2019-05-23,572400
2019-05-24,619993
2019-05-25,380103
2019-05-26,254958
2019-05-27,551422
2019-05-28,555977
2019-05-29,647203
2019-05-30,309105
2019-05-31,473755
2019-06-01,386808
2019-06-02,280099
2019-06-03,542252
2019-06-04,578639
2019-06-05,349785
2019-06-06,569061
2019-06-07,616622
2019-06-08,380815
2019-06-09,279613
2019-06-10,295805
2019-06-11,585413
2019-06-12,573047
2019-06-13,574002
2019-06-14,602067
2019-06-15,358876
2019-06-16,277741
2019-06-17,527880
2019-06-18,548886
2019-06-19,565093
2019-06-20,572795
2019-06-21,607848
2019-06-22,383346
2019-06-23,296290
2019-06-24,523875
2019-06-25,553402
2019-06-26,559141
2019-06-27,563245
2019-06-28,568571
2019-06-29,376105
2019-06-30,285501
2019-07-01,448527
2019-07-02,485671
2019-07-03,474164
2019-07-04,465828
2019-07-05,491122
2019-07-06,331905
2019-07-07,260540
2019-07-08,420636
2019-07-09,415381
2019-07-10,415338
2019-07-11,422144
2019-07-12,419957
2019-07-13,316707
2019-07-14,239500
2019-07-15,341600
2019-07-16,354743
2019-07-17,357540
2019-07-18,365707
2019-07-19,371452
2019-07-20,294857
2019-07-21,225196
2019-07-22,334346
2019-07-23,350829
2019-07-24,346399
2019-07-25,347529
2019-07-26,372546
2019-07-27,307228
2019-07-28,245063
2019-07-29,355960
2019-07-30,364678
2019-07-31,418801
2019-08-01,438778
2019-08-02,451756
2019-08-03,371478
2019-08-04,268351
2019-08-05,430384
2019-08-06,445665
2019-08-07,451376
2019-08-08,472748
2019-08-09,512271
2019-08-10,348155
2019-08-11,275028
2019-08-12,505841
2019-08-13,559416
2019-08-14,550504
2019-08-15,575946
2019-08-16,638842
2019-08-17,390093
2019-08-18,279720
2019-08-19,543842
2019-08-20,557079
2019-08-21,558482
2019-08-22,569951
2019-08-23,611316
2019-08-24,385011
2019-08-25,296001
2019-08-26,535273
2019-08-27,554496
2019-08-28,559234
2019-08-29,575608
2019-08-30,663155
2019-08-31,426078
2019-09-01,284120
2019-09-02,567229
2019-09-03,615168
2019-09-04,595167
2019-09-05,621461
2019-09-06,664395
2019-09-07,411907
2019-09-08,297222
2019-09-09,571396
2019-09-10,619139
2019-09-11,584498
2019-09-12,592686
2019-09-13,643935
2019-09-14,396824
2019-09-15,290517
2019-09-16,563900
2019-09-17,599872
2019-09-18,587353
2019-09-19,595512
2019-09-20,653041
2019-09-21,385799
2019-09-22,283002
2019-09-23,555707
2019-09-24,571391
2019-09-25,580706
2019-09-26,596512
2019-09-27,673949
2019-09-28,379907
2019-09-29,150752
2019-09-30,630121
2019-10-01,622188
2019-10-02,636745
2019-10-03,641920
2019-10-04,689304
2019-10-05,448518
2019-10-06,333995
2019-10-07,596607
2019-10-08,651301
2019-10-09,620917
2019-10-10,635111
2019-10-11,694028
2019-10-12,421987
2019-10-13,296521
2019-10-14,477046
2019-10-15,491682
2019-10-16,484890
2019-10-17,499908
2019-10-18,524356
2019-10-19,409143
2019-10-20,294604
2019-10-21,576708
2019-10-22,598783
2019-10-23,605734
2019-10-24,624505
2019-10-25,672523
2019-10-26,423059
2019-10-27,328940
2019-10-28,589994
2019-10-29,609828
2019-10-30,620560
2019-10-31,660506
2019-11-01,734235
2019-11-02,453524
2019-11-03,320372
2019-11-04,614216
2019-11-05,635678
2019-11-06,631238
2019-11-07,652760
2019-11-08,684154
2019-11-09,428777
2019-11-10,314444
2019-11-11,599314
2019-11-12,633807
2019-11-13,621237
2019-11-14,637774
2019-11-15,717193
2019-11-16,447140
2019-11-17,332040
2019-11-18,599680
2019-11-19,622450
2019-11-20,635070
2019-11-21,657116
2019-11-22,734031
2019-11-23,459440
2019-11-24,317703
2019-11-25,597050
2019-11-26,622559
2019-11-27,637512
2019-11-28,684131
2019-11-29,846026
2019-11-30,481914
2019-12-01,366749
2019-12-02,624904
2019-12-03,656552
2019-12-04,658735
2019-12-05,686746
2019-12-06,763175
2019-12-07,513251
2019-12-08,340654
2019-12-09,643729
2019-12-10,668348
2019-12-11,701866
2019-12-12,709430
2019-12-13,761607
2019-12-14,493094
2019-12-15,346267
2019-12-16,650136
2019-12-17,682249
2019-12-18,684304
2019-12-19,693320
2019-12-20,711163
2019-12-21,443536
2019-12-22,337513
2019-12-23,370650
2019-12-24,150636
2019-12-25,173054
2019-12-26,226100
2019-12-27,413100
2019-12-28,351883
2019-12-29,296294
2019-12-30,411499
2019-12-31,299397
2020-01-01,254588
2020-01-02,423443
2020-01-03,497284
2020-01-04,355675
2020-01-05,253109
2020-01-06,576365
2020-01-07,590812
2020-01-08,599810
2020-01-09,625077
2020-01-10,679532
2020-01-11,394536
2020-01-12,263198
2020-01-13,574660
2020-01-14,608915
2020-01-15,606719
2020-01-16,612174
2020-01-17,646495
2020-01-18,378043
2020-01-19,274831
2020-01-20,577212
2020-01-21,593900
2020-01-22,596643
2020-01-23,610151
2020-01-24,654099
2020-01-25,372770
2020-01-26,261167
2020-01-27,580751
2020-01-28,613520
2020-01-29,604243
2020-01-30,640004
2020-01-31,703947
2020-02-01,428082
2020-02-02,307756
2020-02-03,610900
2020-02-04,637505
2020-02-05,637187
2020-02-06,640616
2020-02-07,673741
2020-02-08,408954
2020-02-09,269574
2020-02-10,523918
2020-02-11,537266
2020-02-12,535751
2020-02-13,536816
2020-02-14,574751
2020-02-15,385624
2020-02-16,278802
2020-02-17,593398
2020-02-18,604444
2020-02-19,623578
2020-02-20,649625
2020-02-21,670483
2020-02-22,398360
2020-02-23,286560
2020-02-24,591860
2020-02-25,641698
2020-02-26,640673
2020-02-27,635733
2020-02-28,707213
2020-02-29,423046
2020-03-01,304526
2020-03-02,593168
2020-03-03,610168
2020-03-04,610543
2020-03-05,621902
2020-03-06,661487
2020-03-07,393442
2020-03-08,273982
2020-03-09,577755
2020-03-10,567516
2020-03-11,488928
2020-03-12,237852
2020-03-13,179513
2020-03-14,115202
2020-03-15,75731
2020-03-16,124721
2020-03-17,110196
2020-03-18,86130
2020-03-19,85673
2020-03-20,86856
2020-03-21,54730
2020-03-22,43617
2020-03-23,79674
2020-03-24,78803
2020-03-25,80114
2020-03-26,81184
2020-03-27,86428
2020-03-28,58062
2020-03-29,45933
2020-03-30,83009
2020-03-31,96485
2020-04-01,93209
2020-04-02,92790
2020-04-03,101718
2020-04-04,63957
2020-04-05,57996
2020-04-06,97730
2020-04-07,96782
2020-04-08,102431
2020-04-09,68737
2020-04-10,62760
2020-04-11,72338
2020-04-12,66302
2020-04-13,59655
2020-04-14,116555
2020-04-15,126105
2020-04-16,134377
2020-04-17,147162
2020-04-18,96119
2020-04-19,78728
2020-04-20,157005
2020-04-21,162949
2020-04-22,169414
2020-04-23,175825
2020-04-24,181406
2020-04-25,115783
2020-04-26,86121
2020-04-27,174390
2020-04-28,181683
2020-04-29,187019
2020-04-30,209129
2020-05-01,197267
2020-05-02,120626
2020-05-03,106866
2020-05-04,206343
2020-05-05,210707
2020-05-06,218565
2020-05-07,238837
2020-05-08,135939
2020-05-09,153292
2020-05-10,113940
2020-05-11,237235
2020-05-12,242850
2020-05-13,249945
2020-05-14,258654
2020-05-15,273355
2020-05-16,165976
2020-05-17,117529
2020-05-18,315938
2020-05-19,325192
2020-05-20,346239
2020-05-21,165789
2020-05-22,250080
2020-05-23,193491
2020-05-24,140881
2020-05-25,321007
2020-05-26,330401
2020-05-27,343078
2020-05-28,354809
2020-05-29,408854
2020-05-30,257566
2020-05-31,182491
2020-06-01,176726
2020-06-02,384607
2020-06-03,382102
2020-06-04,415400
2020-06-05,242928
2020-06-06,250320
2020-06-07,195035
2020-06-08,376560
2020-06-09,390999
2020-06-10,401388
2020-06-11,412929
2020-06-12,445595
2020-06-13,282968
2020-06-14,210760
2020-06-15,405256
2020-06-16,417511
2020-06-17,425110
2020-06-18,439775
2020-06-19,472994
2020-06-20,281347
2020-06-21,203778
2020-06-22,426517
2020-06-23,437595
2020-06-24,438804
2020-06-25,453003
2020-06-26,457807
2020-06-27,297897
2020-06-28,209005
2020-06-29,366265
2020-06-30,410989
2020-07-01,411196
2020-07-02,414572
2020-07-03,421129
2020-07-04,295456
2020-07-05,224258
2020-07-06,366468
2020-07-07,377084
2020-07-08,377793
2020-07-09,370858
2020-07-10,377485
2020-07-11,295172
2020-07-12,221609
2020-07-13,323920
2020-07-14,333087
2020-07-15,331833
2020-07-16,343165
2020-07-17,359848
2020-07-18,283042
2020-07-19,217751
2020-07-20,309936
2020-07-21,324792
2020-07-22,330733
2020-07-23,326315
2020-07-24,335511
2020-07-25,287865
2020-07-26,202913
2020-07-27,321969
2020-07-28,336948
2020-07-29,341512
2020-07-30,352671
2020-07-31,399800
2020-08-01,306955
2020-08-02,218756
2020-08-03,366169
2020-08-04,378495
2020-08-05,381348
2020-08-06,390377
2020-08-07,403015
2020-08-08,301517
2020-08-09,229219
2020-08-10,401698
2020-08-11,414915
2020-08-12,428696
2020-08-13,436870
2020-08-14,467446
2020-08-15,288442
2020-08-16,219323
2020-08-17,414342
2020-08-18,420004
2020-08-19,423599
2020-08-20,441749
2020-08-21,472027
2020-08-22,273025
2020-08-23,198805
2020-08-24,408639
2020-08-25,419910
2020-08-26,429185
2020-08-27,468288
2020-08-28,482438
2020-08-29,283232
2020-08-30,206083
2020-08-31,437924
2020-09-01,448359
2020-09-02,450907
2020-09-03,462808
2020-09-04,497133
2020-09-05,301661
2020-09-06,208961
2020-09-07,429515
2020-09-08,446294
2020-09-09,429242
2020-09-10,429823
2020-09-11,455091
2020-09-12,274792
2020-09-13,198120
2020-09-14,401988
2020-09-15,405223
2020-09-16,409355
2020-09-17,416727
2020-09-18,437503
2020-09-19,251469
2020-09-20,182033
2020-09-21,384482
2020-09-22,387298
2020-09-23,394614
2020-09-24,404523
2020-09-25,447244
2020-09-26,249103
2020-09-27,186394
2020-09-28,388080
2020-09-29,393336
2020-09-30,420932
2020-10-01,432562
2020-10-02,459993
2020-10-03,286547
2020-10-04,192783
2020-10-05,412484
2020-10-06,426598
2020-10-07,438424
2020-10-08,453413
2020-10-09,471317
2020-10-10,287472
2020-10-11,210538
2020-10-12,335388
2020-10-13,346906
2020-10-14,353616
2020-10-15,357407
2020-10-16,367414
2020-10-17,284641
2020-10-18,201196
2020-10-19,416556
2020-10-20,432438
2020-10-21,452017
2020-10-22,454807
2020-10-23,467899
2020-10-24,270967
2020-10-25,194068
2020-10-26,414555
2020-10-27,415906
2020-10-28,424267
2020-10-29,433877
2020-10-30,485694
2020-10-31,283450
2020-11-01,198947
2020-11-02,422585
2020-11-03,421315
2020-11-04,422410
2020-11-05,433252
2020-11-06,450124
2020-11-07,266846
2020-11-08,189393
2020-11-09,395000
2020-11-10,413202
2020-11-11,413181
2020-11-12,422494
2020-11-13,454106
2020-11-14,273264
2020-11-15,189589
2020-11-16,399933
2020-11-17,420066
2020-11-18,424493
2020-11-19,442636
2020-11-20,471115
2020-11-21,291803
2020-11-22,193037
2020-11-23,417657
2020-11-24,441140
2020-11-25,435457
2020-11-26,445492
2020-11-27,510582
2020-11-28,292376
2020-11-29,201895
2020-11-30,436217
2020-12-01,456597
2020-12-02,445655
2020-12-03,461094
2020-12-04,491084
2020-12-05,296556
2020-12-06,205835
2020-12-07,409032
2020-12-08,427728
2020-12-09,338793
2020-12-10,341113
2020-12-11,338975
2020-12-12,192246
2020-12-13,148772
2020-12-14,298168
2020-12-15,308981
2020-12-16,301377
2020-12-17,272116
2020-12-18,277501
2020-12-19,170723
2020-12-20,134678
2020-12-21,224992
2020-12-22,220122
2020-12-23,182894
2020-12-24,87693
2020-12-25,83946
2020-12-26,98654
2020-12-27,103815
2020-12-28,160627
2020-12-29,164000
2020-12-30,176149
2020-12-31,139401
2021-01-01,115118
2021-01-02,115523
2021-01-03,108613
2021-01-04,207893
2021-01-05,205280
2021-01-06,206529
2021-01-07,201012
2021-01-08,205976
2021-01-09,131274
2021-01-10,103373
2021-01-11,199677
2021-01-12,203226
2021-01-13,208234
2021-01-14,211721
2021-01-15,219966
2021-01-16,142081
2021-01-17,111780
2021-01-18,205820
2021-01-19,207645
2021-01-20,210448
2021-01-21,211421
2021-01-22,224812
2021-01-23,137323
2021-01-24,110942
2021-01-25,207262
2021-01-26,212169
2021-01-27,211865
2021-01-28,224215
2021-01-29,245363
2021-01-30,157745
2021-01-31,133324
2021-02-01,220682
2021-02-02,223365
2021-02-03,227876
2021-02-04,236229
2021-02-05,248632
2021-02-06,171466
2021-02-07,129008
2021-02-08,238795
2021-02-09,248052
2021-02-10,253428
2021-02-11,257389
2021-02-12,271738
2021-02-13,174779
2021-02-14,150861
2021-02-15,227529
2021-02-16,245019
2021-02-17,242291
2021-02-18,236052
2021-02-19,242239
2021-02-20,167598
2021-02-21,143789
2021-02-22,232407
2021-02-23,234931
2021-02-24,242163
2021-02-25,249958
2021-02-26,281821
2021-02-27,192063
2021-02-28,140800
2021-03-01,275349
2021-03-02,278989
2021-03-03,284260
2021-03-04,287198
2021-03-05,311345
2021-03-06,211661
2021-03-07,152932
2021-03-08,273841
2021-03-09,284840
2021-03-10,286060
2021-03-11,296205
2021-03-12,311718
2021-03-13,193852
2021-03-14,152145
2021-03-15,289345
2021-03-16,303366
2021-03-17,301513
2021-03-18,306204
2021-03-19,324444
2021-03-20,196681
2021-03-21,164489
2021-03-22,289464
2021-03-23,300670
2021-03-24,304296
2021-03-25,314730
2021-03-26,330314
2021-03-27,189598
2021-03-28,144919
2021-03-29,251691
2021-03-30,284403
2021-03-31,302043
2021-04-01,163006
2021-04-02,170168
2021-04-03,216617
2021-04-04,155791
2021-04-05,141776
2021-04-06,348952
2021-04-07,346731
2021-04-08,353298
2021-04-09,377878
2021-04-10,240811
2021-04-11,148383
2021-04-12,355111
2021-04-13,357300
2021-04-14,361599
2021-04-15,364193
2021-04-16,385999
2021-04-17,242044
2021-04-18,182604
2021-04-19,355063
2021-04-20,370491
2021-04-21,399897
2021-04-22,411847
2021-04-23,437664
2021-04-24,293412
2021-04-25,200936
2021-04-26,380266
2021-04-27,395931
2021-04-28,402699
2021-04-29,473770
2021-04-30,248725
2021-05-01,308084
2021-05-02,200975
2021-05-03,410064
2021-05-04,424664
2021-05-05,442619
2021-05-06,459664
2021-05-07,493700
2021-05-08,310148
2021-05-09,217045
2021-05-10,423674
2021-05-11,446470
2021-05-12,475626
2021-05-13,226471
2021-05-14,350393
2021-05-15,287396
2021-05-16,204108
2021-05-17,418257
2021-05-18,432631
2021-05-19,447460
2021-05-20,452478
2021-05-21,495257
2021-05-22,306571
2021-05-23,207693
2021-05-24,200587
2021-05-25,467318
2021-05-26,472394
2021-05-27,475895
2021-05-28,503177
2021-05-29,326744
2021-05-30,228051
2021-05-31,443566
2021-06-01,458025
2021-06-02,462823
2021-06-03,479656
2021-06-04,510413
2021-06-05,315274
2021-06-06,244193
2021-06-07,426069
2021-06-08,450265
2021-06-09,456003
2021-06-10,464328
2021-06-11,497505
2021-06-12,347209
2021-06-13,230103
2021-06-14,434679
2021-06-15,458093
2021-06-16,470350
2021-06-17,503821
2021-06-18,512450
2021-06-19,328591
2021-06-20,219750
2021-06-21,484478
2021-06-22,481223
2021-06-23,484589
2021-06-24,484417
2021-06-25,487890
2021-06-26,343536
2021-06-27,240672
2021-06-28,402291
2021-06-29,410959
2021-06-30,441355
2021-07-01,452092
2021-07-02,454662
2021-07-03,359757
2021-07-04,252684
2021-07-05,366916
2021-07-06,387730
2021-07-07,421666
2021-07-08,393082
2021-07-09,389815
2021-07-10,282926
2021-07-11,231774
2021-07-12,337019
2021-07-13,337440
2021-07-14,339391
2021-07-15,333583
2021-07-16,344625
2021-07-17,281368
2021-07-18,221508
2021-07-19,297533
2021-07-20,312922
2021-07-21,315146
2021-07-22,321622
2021-07-23,329185
2021-07-24,275060
2021-07-25,209818
2021-07-26,285390
2021-07-27,295449
2021-07-28,309538
2021-07-29,314610
2021-07-30,364291
2021-07-31,293630
2021-08-01,236443
2021-08-02,348945
2021-08-03,361718
2021-08-04,377782
2021-08-05,384506
2021-08-06,409621
2021-08-07,311580
2021-08-08,250472
2021-08-09,423811
2021-08-10,453441
2021-08-11,474066
2021-08-12,496026
2021-08-13,539402
2021-08-14,337679
2021-08-15,245906
2021-08-16,483894
2021-08-17,513865
2021-08-18,517899
2021-08-19,522492
2021-08-20,561193
2021-08-21,380237
2021-08-22,280426
2021-08-23,484532
2021-08-24,498278
2021-08-25,516638
2021-08-26,537662
2021-08-27,571702
2021-08-28,353384
2021-08-29,263313
2021-08-30,490882
2021-08-31,524378
2021-09-01,565528
2021-09-02,555760
2021-09-03,615733
2021-09-04,396667
2021-09-05,274928
2021-09-06,506662
2021-09-07,538890
2021-09-08,531251
2021-09-09,542725
2021-09-10,600583
2021-09-11,395832
2021-09-12,323185
2021-09-13,503388
2021-09-14,522479
2021-09-15,550360
2021-09-16,568078
2021-09-17,616463
2021-09-18,392199
2021-09-19,320529
2021-09-20,510868
2021-09-21,537997
2021-09-22,537542
2021-09-23,575384
2021-09-24,602250
2021-09-25,384850
2021-09-26,272164
2021-09-27,515408
2021-09-28,538625
2021-09-29,565589
2021-09-30,625023
2021-10-01,652597
2021-10-02,404629
2021-10-03,283096
2021-10-04,527707
2021-10-05,579539
2021-10-06,562303
2021-10-07,569237
2021-10-08,609624
2021-10-09,397690
2021-10-10,274908
2021-10-11,526638
2021-10-12,572434
2021-10-13,554912
2021-10-14,572524
2021-10-15,613533
2021-10-16,387170
2021-10-17,276129
2021-10-18,411280
2021-10-19,426643
2021-10-20,435156
2021-10-21,446563
2021-10-22,473189
2021-10-23,384842
2021-10-24,263806
2021-10-25,515815
2021-10-26,545569
2021-10-27,552750
2021-10-28,571809
2021-10-29,636251
2021-10-30,416400
2021-10-31,297122
2021-11-01,543342
2021-11-02,557732
2021-11-03,563621
2021-11-04,588053
2021-11-05,647144
2021-11-06,408110
2021-11-07,286180
2021-11-08,529778
2021-11-09,548354
2021-11-10,554262
2021-11-11,569461
2021-11-12,620982
2021-11-13,391557
2021-11-14,270377
2021-11-15,514514
2021-11-16,529425
2021-11-17,546033
2021-11-18,567357
2021-11-19,612756
2021-11-20,361089
2021-11-21,287124
2021-11-22,524310
2021-11-23,541939
2021-11-24,552465
2021-11-25,576619
2021-11-26,659406
2021-11-27,408880
2021-11-28,289331
2021-11-29,516617
2021-11-30,581565
2021-12-01,600661
2021-12-02,601244
2021-12-03,656795
2021-12-04,428730
2021-12-05,297951
2021-12-06,559144
2021-12-07,574411
2021-12-08,578128
2021-12-09,590721
2021-12-10,595853
2021-12-11,388974
2021-12-12,274190
2021-12-13,508854
2021-12-14,517324
2021-12-15,451150
2021-12-16,458876
2021-12-17,468297
2021-12-18,332806
2021-12-19,223441
2021-12-20,377791
2021-12-21,371082
2021-12-22,344723
2021-12-23,275428
2021-12-24,119821
2021-12-25,111378
2021-12-26,143620
2021-12-27,265554
2021-12-28,269174
2021-12-29,280684
2021-12-30,287852
2021-12-31,213536
2022-01-01,171706
2022-01-02,166362
2022-01-03,341449
2022-01-04,354370
2022-01-05,418462
2022-01-06,435619
2022-01-07,449043
2022-01-08,259996
2022-01-09,184292
2022-01-10,433977
2022-01-11,437071
2022-01-12,436325
2022-01-13,437694
2022-01-14,470011
2022-01-15,269635
2022-01-16,189720
2022-01-17,446501
2022-01-18,435907
2022-01-19,441573
2022-01-20,462761
2022-01-21,468954
2022-01-22,286782
2022-01-23,195088
2022-01-24,419288
2022-01-25,436221
2022-01-26,446878
2022-01-27,477659
2022-01-28,494572
2022-01-29,278352
2022-01-30,214167
2022-01-31,474895
2022-02-01,524091
2022-02-02,524747
2022-02-03,534791
2022-02-04,573051
2022-02-05,374067
2022-02-06,246479
2022-02-07,506720
2022-02-08,522401
2022-02-09,525316
2022-02-10,523223
2022-02-11,557081
2022-02-12,350829
2022-02-13,243634
2022-02-14,432167
2022-02-15,441441
2022-02-16,445053
2022-02-17,458033
2022-02-18,465896
2022-02-19,337025
2022-02-20,267659
2022-02-21,518087
2022-02-22,525492
2022-02-23,530346
2022-02-24,543245
2022-02-25,582531
2022-02-26,391946
2022-02-27,278288
2022-02-28,541871
2022-03-01,563190
2022-03-02,565326
2022-03-03,578376
2022-03-04,634844
2022-03-05,405013
2022-03-06,282540
2022-03-07,529695
2022-03-08,559594
2022-03-09,564165
2022-03-10,571248
2022-03-11,613076
2022-03-12,410684
2022-03-13,286216
2022-03-14,527800
2022-03-15,547228
2022-03-16,554041
2022-03-17,586085
2022-03-18,604133
2022-03-19,397474
2022-03-20,283409
2022-03-21,521955
2022-03-22,546027
2022-03-23,552145
2022-03-24,561810
2022-03-25,610189
2022-03-26,378696
2022-03-27,255599
2022-03-28,521238
2022-03-29,559249
2022-03-30,571676
2022-03-31,606774
2022-04-01,642145
2022-04-02,415193
2022-04-03,290185
2022-04-04,580811
2022-04-05,589780
2022-04-06,627653
2022-04-07,642552
2022-04-08,659415
2022-04-09,395165
2022-04-10,300132
2022-04-11,423718
2022-04-12,426767
2022-04-13,433266
2022-04-14,279207
2022-04-15,273151
2022-04-16,359412
2022-04-17,267789
2022-04-18,255265
2022-04-19,542820
2022-04-20,559027
2022-04-21,570176
2022-04-22,630233
2022-04-23,422886
2022-04-24,291471
2022-04-25,540030
2022-04-26,567355
2022-04-27,571031
2022-04-28,582140
2022-04-29,652849
2022-04-30,430698
2022-05-01,304657
2022-05-02,537685
2022-05-03,562484
2022-05-04,585603
2022-05-05,589457
2022-05-06,637147
2022-05-07,429368
2022-05-08,314854
2022-05-09,535629
2022-05-10,566756
2022-05-11,588808
2022-05-12,637353
2022-05-13,317229
2022-05-14,391146
2022-05-15,320096
2022-05-16,530465
2022-05-17,550320
2022-05-18,560044
2022-05-19,569767
2022-05-20,611263
2022-05-21,405385
2022-05-22,308615
2022-05-23,525664
2022-05-24,591542
2022-05-25,602994
2022-05-26,303268
2022-05-27,449423
2022-05-28,391030
2022-05-29,285134
2022-05-30,538084
2022-05-31,579610
2022-06-01,584910
2022-06-02,615712
2022-06-03,647864
2022-06-04,425545
2022-06-05,329334
2022-06-06,300031
2022-06-07,573097
2022-06-08,569972
2022-06-09,590219
2022-06-10,667086
2022-06-11,446083
2022-06-12,296570
2022-06-13,555772
2022-06-14,573428
2022-06-15,579323
2022-06-16,590330
2022-06-17,618046
2022-06-18,432589
2022-06-19,286358
2022-06-20,556614
2022-06-21,583409
2022-06-22,575882
2022-06-23,589497
2022-06-24,602659
2022-06-25,391356
2022-06-26,295948
2022-06-27,457650
2022-06-28,496542
2022-06-29,512962
2022-06-30,535840
2022-07-01,687411
2022-07-02,420632
2022-07-03,298484
2022-07-04,415512
2022-07-05,445955
2022-07-06,444281
2022-07-07,444011
2022-07-08,444721
2022-07-09,342967
2022-07-10,267402
2022-07-11,368813
2022-07-12,383694
2022-07-13,379447
2022-07-14,377078
2022-07-15,391344
2022-07-16,328229
2022-07-17,264183
2022-07-18,344053
2022-07-19,347723
2022-07-20,343697
2022-07-21,349751
2022-07-22,365713
2022-07-23,293444
2022-07-24,251847
2022-07-25,324721
2022-07-26,352926
2022-07-27,382724
2022-07-28,371325
2022-07-29,414866
2022-07-30,350560
2022-07-31,285374
2022-08-01,409217
2022-08-02,421208
2022-08-03,457572
2022-08-04,469899
2022-08-05,518287
2022-08-06,434043
2022-08-07,302246
2022-08-08,472491
2022-08-09,506046
2022-08-10,525169
2022-08-11,551141
2022-08-12,603767
2022-08-13,398896
2022-08-14,297088
2022-08-15,522333
2022-08-16,544191
2022-08-17,545389
2022-08-18,578483
2022-08-19,615708
2022-08-20,455328
2022-08-21,313410
2022-08-22,534012
2022-08-23,545687
2022-08-24,554366
2022-08-25,574971
2022-08-26,619355
2022-08-27,389259
2022-08-28,294549
2022-08-29,549150
2022-08-30,566272
2022-08-31,595418
2022-09-01,612306
2022-09-02,675122
2022-09-03,435605
2022-09-04,307996
2022-09-05,553311
2022-09-06,570390
2022-09-07,576640
2022-09-08,603608
2022-09-09,654294
2022-09-10,417230
2022-09-11,296301
2022-09-12,548474
2022-09-13,579371
2022-09-14,595106
2022-09-15,598460
2022-09-16,655860
2022-09-17,432962
2022-09-18,325861
2022-09-19,538467
2022-09-20,564957
2022-09-21,569172
2022-09-22,581627
2022-09-23,618034
2022-09-24,385949
2022-09-25,287060
2022-09-26,559656
2022-09-27,597854
2022-09-28,586313
2022-09-29,601926
2022-09-30,678644
2022-10-01,437503
2022-10-02,324610
2022-10-03,565915
2022-10-04,582669
2022-10-05,588108
2022-10-06,607510
2022-10-07,650674
2022-10-08,431093
2022-10-09,303432
2022-10-10,557945
2022-10-11,597842
2022-10-12,594018
2022-10-13,603402
2022-10-14,627558
2022-10-15,415496
2022-10-16,298756
2022-10-17,429269
2022-10-18,452134
2022-10-19,459027
2022-10-20,473694
2022-10-21,485186
2022-10-22,404338
2022-10-23,292092
2022-10-24,554371
2022-10-25,580894
2022-10-26,588732
2022-10-27,603328
2022-10-28,647856
2022-10-29,395162
2022-10-30,330496
2022-10-31,578033
2022-11-01,594994
2022-11-02,622802
2022-11-03,617324
2022-11-04,695384
2022-11-05,469552
2022-11-06,317837
2022-11-07,566536
2022-11-08,589911
2022-11-09,594981
2022-11-10,611746
2022-11-11,654928
2022-11-12,433229
2022-11-13,301734
2022-11-14,563782
2022-11-15,586495
2022-11-16,608378
2022-11-17,638369
2022-11-18,673461
2022-11-19,439234
2022-11-20,305976
2022-11-21,602037
2022-11-22,605017
2022-11-23,607739
2022-11-24,623028
2022-11-25,710552
2022-11-26,459276
2022-11-27,317278
2022-11-28,566994
2022-11-29,587018
2022-11-30,620576
2022-12-01,637412
2022-12-02,701313
2022-12-03,480080
2022-12-04,331546
2022-12-05,605005
2022-12-06,625246
2022-12-07,653316
2022-12-08,687950
2022-12-09,733947
2022-12-10,502219
2022-12-11,358019
2022-12-12,624922
2022-12-13,650358
2022-12-14,649437
2022-12-15,687417
2022-12-16,721910
2022-12-17,474739
2022-12-18,332287
2022-12-19,618259
2022-12-20,638300
2022-12-21,606575
2022-12-22,521498
2022-12-23,374086
2022-12-24,151104
2022-12-25,153233
2022-12-26,199374
2022-12-27,360648
2022-12-28,374122
2022-12-29,389790
2022-12-30,404609
2022-12-31,286162
