service_id,date,exception_type
ODK:7,20211022,2
ODK:7,20211021,2
ODK:7,20211020,2
ODK:7,20211019,2
ODK:7,20211018,2
ODK:13,20211022,2
ODK:13,20211021,2
ODK:13,20211020,2
ODK:13,20211019,2
ODK:13,20211018,2
ODK:22,20211022,2
ODK:22,20211021,2
ODK:22,20211020,2
ODK:22,20211019,2
ODK:22,20211018,2
ODK:23,20211018,2
ODK:24,20211020,2
ODK:25,20211022,2
ODK:26,20211021,2
ODK:28,20211021,2
ODK:28,20211019,2
ODK:29,20211022,2
ODK:29,20211020,2
ODK:30,20211019,2
ODK:32,20211021,2
ODK:32,20211018,2
ODK:34,20211018,2
ODK:36,20211019,2
ODK:39,20211015,2
ODK:39,20211022,2
ODK:43,20211022,2
ODK:43,20211020,2
ODK:43,20211018,2
ODK:44,20211021,2
ODK:44,20211019,2
ODK:44,20211018,2
ODK:47,20211021,2
ODK:47,20211019,2
ODK:52,20211022,2
ODK:52,20211021,2
ODK:52,20211020,2
ODK:52,20211018,2
ODK:53,20211022,2
ODK:53,20211021,2
ODK:53,20211020,2
ODK:53,20211019,2
ODK:53,20211018,2
ODK:59,20211021,2
ODK:59,20211020,2
ODK:59,20211019,2
ODK:59,20211018,2
ODK:60,20211022,2
ODK:60,20211021,2
ODK:60,20211020,2
ODK:60,20211019,2
ODK:60,20211018,2
ODK:61,20211021,2
ODK:61,20211020,2
ODK:61,20211018,2
ODK:63,20211022,2
ODK:63,20211018,2
ODK:66,20211015,2
ODK:66,20211022,2
ODK:66,20211021,2
ODK:66,20211020,2
ODK:66,20211019,2
ODK:66,20211018,2
ODK:69,20211015,2
ODK:69,20211022,2
ODK:69,20211021,2
ODK:69,20211020,2
ODK:69,20211019,2
ODK:76,20211022,2
ODK:76,20211021,2
ODK:77,20211022,2
ODK:77,20211018,2
ODK:78,20211020,2
ODK:78,20211018,2
ODK:79,20211022,2
ODK:79,20211020,2
ODK:79,20211018,2
ODK:80,20211022,2
ODK:80,20211021,2
ODK:80,20211020,2
ODK:80,20211019,2
ODK:81,20211022,2
ODK:81,20211021,2
ODK:81,20211020,2
ODK:82,20211022,2
ODK:82,20211021,2
ODK:82,20211019,2
ODK:82,20211018,2
ODK:87,20211021,2
ODK:87,20211020,2
ODK:87,20211019,2
ODK:87,20211018,2
ODK:87,20211125,2
ODK:87,20211124,2
ODK:87,20211123,2
ODK:87,20211122,2
ODK:88,20211022,2
ODK:88,20211126,2
ODK:89,20211022,2
ODK:89,20211021,2
ODK:89,20211020,2
ODK:89,20211018,2
ODK:90,20211021,2
ODK:90,20211020,2
ODK:90,20211019,2
ODK:90,20211018,2
ODK:91,20211021,2
ODK:91,20211020,2
ODK:91,20211018,2
ODK:92,20211022,2
ODK:92,20211020,2
ODK:92,20211019,2
ODK:93,20211022,2
ODK:93,20211018,2
ODK:94,20211021,2
ODK:94,20211020,2
ODK:94,20211019,2
ODK:95,20211022,2
ODK:95,20211021,2
ODK:95,20211019,2
ODK:96,20211022,2
ODK:96,20211021,2
ODK:96,20211020,2
ODK:96,20211019,2
ODK:97,20210929,1
ODK:97,20211006,1
ODK:97,20211013,1
ODK:97,20211022,2
ODK:97,20211021,2
ODK:97,20211019,2
ODK:98,20211001,1
ODK:98,20210929,2
ODK:98,20211008,1
ODK:98,20211006,2
ODK:98,20211015,1
ODK:98,20211013,2
ODK:98,20211021,2
ODK:98,20211020,2
ODK:98,20211019,2
ODK:99,20211022,2
ODK:99,20211021,2
ODK:99,20211018,2
ODK:100,20211022,2
ODK:100,20211019,2
ODK:105,20211022,2
ODK:105,20211021,2
ODK:105,20211020,2
ODK:105,20211019,2
ODK:105,20211018,2
ODK:107,20211021,2
ODK:107,20211018,2
ODK:118,20211021,2
ODK:118,20211020,2
ODK:122,20211015,2
ODK:122,20211022,2
ODK:122,20211021,2
ODK:122,20211020,2
ODK:122,20211019,2
ODK:122,20211018,2
ODK:123,20211015,2
ODK:123,20211022,2
ODK:123,20211020,2
ODK:123,20211018,2
ODK:126,20211019,2
ODK:126,20211018,2
ODK:127,20211022,2
ODK:127,20211019,2
ODK:127,20211018,2
ODK:136,20211022,2
ODK:136,20211021,2
ODK:136,20211020,2
ODK:136,20211019,2
ODK:136,20211018,2
ODK:173,20211006,2
ODK:173,20211020,2
ODK:173,20211103,2
ODK:173,20211117,2
ODK:173,20211201,2
ODK:173,20211215,2
ODK:201,20211003,1
ODK:201,20211010,1
ODK:201,20211017,1
ODK:201,20211016,1
ODK:201,20211024,1
ODK:201,20211023,1
ODK:201,20211029,2
ODK:201,20211105,2
ODK:201,20211112,2
ODK:201,20211119,2
ODK:201,20211126,2
ODK:201,20211201,2
ODK:201,20211208,2
ODK:201,20211215,2
ODK:202,20211014,1
ODK:203,20211014,2
ODK:250,20211218,2
ODK:251,20211218,2
ODK:251,20211217,2
ODK:251,20211216,2
ODK:251,20211215,2
ODK:251,20211214,2
ODK:251,20211213,2
ODK:253,20211218,2
ODK:259,20211105,2
ODK:259,20211104,2
ODK:259,20211103,2
ODK:259,20211102,2
ODK:259,20211101,2
ODK:259,20211112,2
ODK:259,20211111,2
ODK:259,20211110,2
ODK:259,20211109,2
ODK:259,20211108,2
ODK:259,20211119,2
ODK:259,20211118,2
ODK:259,20211117,2
ODK:259,20211116,2
ODK:259,20211115,2
ODK:259,20211126,2
ODK:259,20211125,2
ODK:259,20211124,2
ODK:259,20211123,2
ODK:259,20211122,2
ODK:259,20211203,2
ODK:259,20211202,2
ODK:259,20211201,2
ODK:259,20211130,2
ODK:259,20211129,2
ODK:259,20211210,2
ODK:259,20211209,2
ODK:259,20211208,2
ODK:259,20211207,2
ODK:259,20211206,2
ODK:260,20211218,2
ODK:262,20211010,1
ODK:264,20211007,2
ODK:264,20211006,2
ODK:264,20211005,2
ODK:264,20211004,2
ODK:264,20211013,2
ODK:264,20211012,2
ODK:264,20211011,2
ODK:265,20211004,2
ODK:266,20211004,2
ODK:267,20211212,1
ODK:267,20211219,1
ODK:267,20211218,2
ODK:268,20211024,1
ODK:268,20211212,1
ODK:268,20211219,1
ODK:269,20211004,2
ODK:269,20211011,2
ODK:269,20211018,2
ODK:269,20211025,2
ODK:270,20211023,1
ODK:270,20211218,1
ODK:273,20211003,2
ODK:273,20211010,2
ODK:273,20211017,2
ODK:274,20210930,2
ODK:274,20210929,2
ODK:274,20211007,2
ODK:274,20211006,2
ODK:274,20211005,2
ODK:274,20211004,2
ODK:274,20211020,2
ODK:274,20211019,2
ODK:274,20211018,2
ODK:278,20211024,1
ODK:279,20211006,2
ODK:279,20211005,2
ODK:279,20211014,2
ODK:279,20211013,2
ODK:279,20211012,2
ODK:279,20211011,2
ODK:279,20211022,2
ODK:279,20211021,2
ODK:279,20211020,2
ODK:279,20211019,2
ODK:279,20211018,2
ODK:280,20211017,2
ODK:295,20211024,2
ODK:297,20211001,2
ODK:297,20210930,2
ODK:298,20211216,2
ODK:298,20211215,2
ODK:298,20211214,2
ODK:298,20211213,2
ODK:299,20211020,2
ODK:299,20211019,2
ODK:299,20211018,2
ODK:302,20211001,1
ODK:302,20211008,1
ODK:302,20211015,1
ODK:302,20211022,1
ODK:302,20211029,1
ODK:304,20211007,2
ODK:304,20211006,2
ODK:304,20211005,2
ODK:304,20211004,2
ODK:304,20211014,2
ODK:304,20211013,2
ODK:304,20211012,2
ODK:304,20211011,2
ODK:304,20211022,2
ODK:304,20211021,2
ODK:304,20211020,2
ODK:304,20211019,2
ODK:304,20211018,2
ODK:305,20211003,2
ODK:305,20211010,2
ODK:316,20211003,1
ODK:316,20211001,1
ODK:316,20211010,1
ODK:316,20211008,1
ODK:316,20211017,1
ODK:316,20211016,1
ODK:316,20211015,1
ODK:316,20211024,1
ODK:316,20211023,1
ODK:316,20211022,1
ODK:334,20211009,2
ODK:334,20211008,2
ODK:334,20211007,2
ODK:334,20211006,2
ODK:334,20211005,2
ODK:334,20211004,2
ODK:428,20211002,1
ODK:428,20211016,1
ODK:428,20211107,2
ODK:428,20211111,2
ODK:428,20211110,2
ODK:428,20211109,2
ODK:428,20211108,2
ODK:430,20211009,2
ODK:430,20211031,2
ODK:430,20211030,2
ODK:430,20211107,2
ODK:430,20211113,2
ODK:430,20211111,2
ODK:430,20211110,2
ODK:430,20211109,2
ODK:430,20211108,2
ODK:434,20211116,2
ODK:434,20211115,2
ODK:436,20211015,2
ODK:436,20211014,2
ODK:436,20211013,2
ODK:436,20211012,2
ODK:436,20211011,2
ODK:437,20211015,2
ODK:437,20211014,2
ODK:437,20211013,2
ODK:437,20211012,2
ODK:437,20211011,2
ODK:438,20211031,2
ODK:438,20211107,2
ODK:438,20211114,2
ODK:438,20211115,2
ODK:442,20211129,2
ODK:449,20211028,2
ODK:449,20211027,2
ODK:451,20211003,2
ODK:451,20211006,2
ODK:451,20211005,2
ODK:451,20211004,2
ODK:451,20211023,2
ODK:451,20211106,2
ODK:451,20211121,2
ODK:451,20211128,2
ODK:451,20211127,2
ODK:451,20211205,2
ODK:453,20211023,2
ODK:453,20211106,2
ODK:454,20211023,2
ODK:454,20211106,2
ODK:454,20211127,2
ODK:455,20211128,2
ODK:459,20211010,1
ODK:459,20211023,2
ODK:460,20211023,2
ODK:460,20211106,2
ODK:460,20211128,2
ODK:460,20211127,2
ODK:461,20211024,2
ODK:461,20211023,2
ODK:461,20211107,2
ODK:461,20211128,2
ODK:461,20211127,2
ODK:463,20211128,2
ODK:464,20211023,2
ODK:464,20211106,2
ODK:464,20211127,2
ODK:465,20211128,2
ODK:466,20211023,2
ODK:466,20211106,2
ODK:466,20211127,2
ODK:470,20211023,2
ODK:470,20211106,2
ODK:471,20211015,2
ODK:471,20211014,2
ODK:471,20211013,2
ODK:471,20211012,2
ODK:471,20211011,2
ODK:475,20211002,1
ODK:475,20211016,1
ODK:475,20211028,2
ODK:475,20211027,2
ODK:475,20211107,2
ODK:475,20211111,2
ODK:475,20211110,2
ODK:475,20211109,2
ODK:475,20211108,2
ODK:477,20211023,2
ODK:477,20211106,2
ODK:478,20211007,2
ODK:478,20211006,2
ODK:478,20211005,2
ODK:478,20211011,2
ODK:479,20211023,2
ODK:479,20211106,2
ODK:480,20211023,2
ODK:480,20211106,2
ODK:481,20211015,2
ODK:481,20211014,2
ODK:481,20211013,2
ODK:481,20211012,2
ODK:481,20211011,2
ODK:482,20211015,2
ODK:482,20211014,2
ODK:482,20211013,2
ODK:482,20211012,2
ODK:482,20211011,2
ODK:482,20211024,2
ODK:483,20211015,2
ODK:483,20211023,2
ODK:484,20211014,2
ODK:484,20211013,2
ODK:484,20211012,2
ODK:484,20211011,2
ODK:484,20211024,2
ODK:484,20211107,2
ODK:485,20211003,1
ODK:485,20211009,2
ODK:485,20211017,1
ODK:485,20211023,2
ODK:485,20211031,1
ODK:486,20211015,2
ODK:486,20211023,2
ODK:486,20211106,2
ODK:487,20211014,2
ODK:487,20211013,2
ODK:487,20211012,2
ODK:487,20211011,2
ODK:488,20211028,2
ODK:488,20211027,2
ODK:488,20211106,2
ODK:488,20211121,2
ODK:488,20211120,2
ODK:488,20211128,2
ODK:488,20211127,2
ODK:488,20211205,2
ODK:488,20211204,2
ODK:506,20211106,2
ODK:506,20211120,2
ODK:506,20211127,2
ODK:506,20211204,2
ODK:507,20211028,2
ODK:507,20211027,2
ODK:507,20211121,2
ODK:507,20211128,2
ODK:507,20211205,2
ODK:510,20211006,2
ODK:510,20211005,2
ODK:510,20211004,2
ODK:510,20211017,1
ODK:510,20211011,2
ODK:510,20211023,2
ODK:510,20211031,1
ODK:510,20211030,2
ODK:510,20211029,2
ODK:510,20211028,2
ODK:510,20211027,2
ODK:510,20211107,1
ODK:510,20211106,2
ODK:510,20211114,1
ODK:510,20211127,2
ODK:512,20211007,2
ODK:512,20211006,2
ODK:512,20211004,2
ODK:512,20211023,2
ODK:512,20211106,2
ODK:512,20211121,2
ODK:512,20211128,2
ODK:512,20211127,2
ODK:512,20211205,2
ODK:513,20211023,2
ODK:513,20211106,2
ODK:513,20211128,2
ODK:513,20211127,2
ODK:514,20211024,2
ODK:514,20211023,2
ODK:514,20211106,2
ODK:514,20211128,2
ODK:514,20211127,2
ODK:515,20211024,2
ODK:515,20211106,1
ODK:515,20211107,2
ODK:515,20211128,2
ODK:516,20211023,2
ODK:516,20211106,2
ODK:516,20211120,2
ODK:516,20211127,2
ODK:516,20211204,2
ODK:517,20211023,2
ODK:517,20211106,2
ODK:517,20211128,2
ODK:517,20211127,2
ODK:518,20211024,2
ODK:518,20211128,2
ODK:519,20211024,2
ODK:519,20211106,1
ODK:519,20211107,2
ODK:519,20211128,2
ODK:520,20211024,2
ODK:520,20211023,2
ODK:520,20211107,2
ODK:520,20211121,2
ODK:520,20211128,2
ODK:520,20211127,2
ODK:521,20211024,2
ODK:521,20211023,2
ODK:521,20211107,2
ODK:521,20211121,2
ODK:521,20211128,2
ODK:521,20211127,2
ODK:521,20211205,2
ODK:522,20211024,2
ODK:522,20211106,1
ODK:522,20211107,2
ODK:523,20211024,2
ODK:523,20211023,2
ODK:523,20211107,2
ODK:523,20211121,2
ODK:524,20211107,2
ODK:524,20211121,2
ODK:524,20211122,2
ODK:524,20211205,2
ODK:524,20211206,2
ODK:526,20210929,2
ODK:526,20211029,2
ODK:526,20211028,2
ODK:526,20211107,2
ODK:526,20211121,2
ODK:526,20211122,2
ODK:526,20211205,2
ODK:526,20211206,2
ODK:527,20211024,2
ODK:527,20211023,2
ODK:527,20211107,2
ODK:527,20211121,2
ODK:527,20211205,2
ODK:528,20211107,2
ODK:528,20211121,2
ODK:528,20211205,2
ODK:529,20211122,2
ODK:529,20211206,2
ODK:531,20211106,2
ODK:531,20211128,2
ODK:531,20211127,2
ODK:532,20211106,2
ODK:533,20211106,2
ODK:533,20211128,2
ODK:533,20211127,2
ODK:534,20211107,2
ODK:535,20211106,1
ODK:535,20211107,2
ODK:535,20211128,2
ODK:536,20211107,2
ODK:536,20211128,2
ODK:536,20211127,2
ODK:537,20211015,2
ODK:537,20211014,2
ODK:537,20211013,2
ODK:537,20211012,2
ODK:537,20211011,2
ODK:537,20211107,2
ODK:538,20211107,2
ODK:538,20211128,2
ODK:539,20211107,2
ODK:540,20211009,2
ODK:540,20211106,2
ODK:540,20211111,2
ODK:540,20211110,2
ODK:540,20211109,2
ODK:540,20211108,2
ODK:541,20211106,2
ODK:541,20211127,2
ODK:542,20211128,2
ODK:543,20211106,2
ODK:543,20211127,2
ODK:546,20211009,2
ODK:546,20211031,2
ODK:546,20211026,2
ODK:546,20211107,2
ODK:546,20211106,2
ODK:546,20211102,2
ODK:547,20211105,1
ODK:547,20211106,2
ODK:547,20211128,2
ODK:547,20211127,2
ODK:548,20211105,2
ODK:552,20211106,2
ODK:553,20211023,1
ODK:553,20211128,2
ODK:554,20211106,2
ODK:555,20211106,2
ODK:555,20211127,2
ODK:557,20211127,2
ODK:558,20211015,2
ODK:558,20211014,2
ODK:558,20211013,2
ODK:558,20211012,2
ODK:558,20211011,2
ODK:559,20211015,2
ODK:560,20211014,2
ODK:560,20211013,2
ODK:560,20211012,2
ODK:560,20211011,2
ODK:561,20210929,2
ODK:561,20211007,2
ODK:561,20211006,2
ODK:561,20211107,2
ODK:561,20211121,2
ODK:561,20211205,2
ODK:562,20210929,2
ODK:562,20211107,2
ODK:562,20211121,2
ODK:562,20211122,2
ODK:562,20211205,2
ODK:562,20211206,2
ODK:563,20210929,2
ODK:563,20211007,2
ODK:563,20211006,2
ODK:563,20211005,2
ODK:563,20211107,2
ODK:563,20211121,2
ODK:563,20211122,2
ODK:563,20211205,2
ODK:563,20211206,2
ODK:565,20211004,2
ODK:565,20211107,2
ODK:565,20211121,2
ODK:565,20211122,2
ODK:565,20211205,2
ODK:565,20211206,2
ODK:570,20211003,1
ODK:570,20211008,2
ODK:570,20211007,2
ODK:570,20211006,2
ODK:570,20211017,1
ODK:570,20211012,2
ODK:570,20211024,1
ODK:570,20211018,2
ODK:570,20211030,2
ODK:570,20211029,2
ODK:570,20211028,2
ODK:570,20211114,1
ODK:570,20211115,2
ODK:570,20211128,1
ODK:570,20211122,2
ODK:570,20211206,2
ODK:571,20211007,2
ODK:571,20211006,2
ODK:571,20211004,2
ODK:571,20211028,2
ODK:571,20211027,2
ODK:571,20211026,2
ODK:571,20211025,2
ODK:571,20211106,2
ODK:571,20211114,2
ODK:571,20211121,2
ODK:571,20211120,2
ODK:571,20211205,2
ODK:571,20211204,2
ODK:574,20211015,2
ODK:574,20211030,2
ODK:574,20211029,2
ODK:574,20211028,2
ODK:574,20211027,2
ODK:574,20211106,2
ODK:574,20211121,2
ODK:574,20211120,2
ODK:574,20211128,2
ODK:574,20211127,2
ODK:574,20211205,2
ODK:574,20211204,2
ODK:574,20211210,2
ODK:575,20211024,2
ODK:575,20211107,2
ODK:575,20211121,2
ODK:575,20211122,2
ODK:575,20211205,2
ODK:575,20211206,2
ODK:577,20211029,2
ODK:577,20211028,2
ODK:577,20211107,2
ODK:577,20211121,2
ODK:577,20211122,2
ODK:577,20211205,2
ODK:577,20211206,2
ODK:581,20211002,1
ODK:581,20211016,1
ODK:581,20211023,1
ODK:581,20211107,2
ODK:581,20211111,2
ODK:581,20211110,2
ODK:581,20211109,2
ODK:581,20211108,2
ODK:582,20211106,2
ODK:582,20211121,2
ODK:582,20211120,2
ODK:582,20211205,2
ODK:582,20211204,2
ODK:583,20211121,2
ODK:583,20211126,1
ODK:584,20211106,2
ODK:584,20211127,2
ODK:584,20211126,2
ODK:586,20211009,2
ODK:586,20211017,2
ODK:586,20211030,2
ODK:586,20211106,2
ODK:586,20211114,2
ODK:586,20211121,2
ODK:586,20211205,2
ODK:586,20211204,2
ODK:587,20211106,2
ODK:587,20211121,2
ODK:587,20211128,2
ODK:587,20211127,2
ODK:587,20211205,2
ODK:588,20211106,2
ODK:588,20211121,2
ODK:588,20211128,2
ODK:588,20211127,2
ODK:588,20211205,2
ODK:589,20211106,2
ODK:589,20211121,2
ODK:589,20211126,1
ODK:589,20211128,2
ODK:589,20211127,2
ODK:589,20211205,2
ODK:590,20211126,2
ODK:591,20211107,2
ODK:591,20211128,2
ODK:591,20211127,2
ODK:592,20211107,2
ODK:592,20211121,2
ODK:592,20211128,2
ODK:592,20211127,2
ODK:592,20211205,2
ODK:594,20211010,2
ODK:594,20211107,2
ODK:595,20211106,1
ODK:595,20211107,2
ODK:596,20211106,1
ODK:596,20211107,2
ODK:596,20211121,2
ODK:605,20211120,2
ODK:605,20211127,2
ODK:607,20211120,2
ODK:607,20211127,2
ODK:608,20211106,2
ODK:609,20211106,2
ODK:609,20211120,2
ODK:609,20211127,2
ODK:611,20211106,2
ODK:612,20211106,1
ODK:613,20211106,1
ODK:614,20211010,2
ODK:614,20211014,2
ODK:614,20211013,2
ODK:614,20211012,2
ODK:614,20211011,2
ODK:614,20211106,1
ODK:615,20211014,2
ODK:615,20211013,2
ODK:615,20211012,2
ODK:616,20211010,2
ODK:616,20211011,2
ODK:618,20211012,2
ODK:618,20211011,2
ODK:619,20211015,2
ODK:619,20211014,2
ODK:619,20211013,2
ODK:620,20211107,2
ODK:623,20211010,2
ODK:623,20211014,2
ODK:623,20211013,2
ODK:623,20211012,2
ODK:623,20211011,2
ODK:628,20211008,2
ODK:628,20211007,2
ODK:628,20211006,2
ODK:628,20211005,2
ODK:628,20211004,2
ODK:631,20211022,2
ODK:631,20211021,2
ODK:631,20211020,2
ODK:631,20211019,2
ODK:631,20211018,2
ODK:634,20211014,2
ODK:634,20211013,2
ODK:634,20211012,2
ODK:634,20211011,2
ODK:644,20211010,2
ODK:644,20211011,2
ODK:644,20211106,2
ODK:645,20211107,2
ODK:646,20211106,2
ODK:648,20211029,2
ODK:648,20211028,2
ODK:648,20211107,2
ODK:648,20211121,2
ODK:648,20211128,2
ODK:648,20211122,2
ODK:648,20211205,2
ODK:648,20211129,2
ODK:648,20211206,2
ODK:649,20211024,2
ODK:649,20211023,2
ODK:649,20211107,2
ODK:649,20211128,2
ODK:649,20211127,2
ODK:652,20211106,2
ODK:652,20211128,2
ODK:652,20211127,2
ODK:653,20211128,2
ODK:654,20211107,2
ODK:654,20211128,2
ODK:654,20211127,2
ODK:655,20211010,2
ODK:655,20211107,2
ODK:656,20211010,2
ODK:656,20211107,2
ODK:656,20211128,2
ODK:657,20211010,2
ODK:657,20211107,2
ODK:657,20211106,2
ODK:657,20211128,2
ODK:657,20211127,2
ODK:658,20211010,2
ODK:658,20211107,2
ODK:658,20211106,2
ODK:659,20211010,2
ODK:659,20211107,2
ODK:659,20211106,2
ODK:659,20211128,2
ODK:659,20211127,2
ODK:660,20211010,2
ODK:660,20211107,2
ODK:660,20211106,2
ODK:660,20211128,2
ODK:660,20211127,2
ODK:662,20211010,2
ODK:662,20211107,2
ODK:662,20211128,2
ODK:663,20211010,2
ODK:663,20211107,2
ODK:664,20211010,2
ODK:664,20211106,1
ODK:664,20211107,2
ODK:664,20211128,2
ODK:665,20211010,2
ODK:665,20211107,2
ODK:665,20211128,2
ODK:665,20211127,2
ODK:667,20211010,2
ODK:667,20211015,2
ODK:667,20211014,2
ODK:667,20211013,2
ODK:667,20211012,2
ODK:667,20211011,2
ODK:667,20211107,2
ODK:668,20211010,2
ODK:668,20211107,2
ODK:668,20211128,2
ODK:669,20211010,2
ODK:669,20211107,2
ODK:669,20211128,2
ODK:669,20211127,2
ODK:670,20211010,2
ODK:670,20211107,2
ODK:671,20211002,1
ODK:671,20211007,2
ODK:671,20211006,2
ODK:671,20211005,2
ODK:671,20211016,1
ODK:671,20211017,2
ODK:671,20211011,2
ODK:671,20211023,1
ODK:671,20211029,2
ODK:671,20211028,2
ODK:671,20211027,2
ODK:671,20211113,1
ODK:671,20211114,2
ODK:671,20211121,2
ODK:671,20211127,1
ODK:671,20211205,2
ODK:672,20211114,2
ODK:672,20211121,2
ODK:673,20211007,2
ODK:673,20211006,2
ODK:673,20211004,2
ODK:673,20211028,2
ODK:673,20211027,2
ODK:673,20211026,2
ODK:673,20211025,2
ODK:673,20211106,2
ODK:673,20211120,2
ODK:673,20211204,2
ODK:674,20211028,2
ODK:674,20211027,2
ODK:674,20211106,2
ODK:674,20211121,2
ODK:674,20211120,2
ODK:674,20211205,2
ODK:674,20211204,2
ODK:677,20211107,2
ODK:677,20211111,2
ODK:677,20211110,2
ODK:677,20211109,2
ODK:677,20211108,2
ODK:679,20211009,2
ODK:679,20211030,2
ODK:679,20211106,2
ODK:679,20211204,2
ODK:680,20211017,2
ODK:680,20211114,2
ODK:680,20211121,2
ODK:680,20211205,2
ODK:681,20211107,2
ODK:681,20211128,2
ODK:682,20211127,2
ODK:683,20211107,2
ODK:685,20211107,2
ODK:685,20211121,2
ODK:688,20211212,1
ODK:688,20211219,1
ODK:688,20211218,1
ODK:689,20211107,2
ODK:689,20211106,2
ODK:690,20211107,2
ODK:690,20211106,2
ODK:691,20211010,2
ODK:691,20211009,2
ODK:692,20211107,2
ODK:692,20211106,2
ODK:693,20211107,2
ODK:693,20211106,2
ODK:693,20211105,2
ODK:694,20211107,2
ODK:694,20211106,2
ODK:694,20211105,2
ODK:695,20211003,2
ODK:695,20211002,2
ODK:695,20211010,2
ODK:695,20211009,2
ODK:695,20211016,2
ODK:695,20211024,2
ODK:695,20211030,2
ODK:695,20211029,2
ODK:695,20211028,2
ODK:695,20211027,2
ODK:695,20211026,2
ODK:695,20211025,2
ODK:695,20211106,2
ODK:698,20211107,2
ODK:700,20211106,2
ODK:700,20211105,2
ODK:701,20211003,2
ODK:701,20211005,2
ODK:701,20211004,2
ODK:722,20211107,2
ODK:733,20211021,2
ODK:733,20211020,2
ODK:733,20211019,2
ODK:733,20211018,2
ODK:733,20211028,2
ODK:733,20211027,2
ODK:733,20211026,2
ODK:733,20211025,2
ODK:733,20211104,2
ODK:733,20211103,2
ODK:733,20211102,2
ODK:733,20211101,2
ODK:735,20211003,2
ODK:735,20211007,2
ODK:735,20211006,2
ODK:735,20211005,2
ODK:735,20211004,2
ODK:735,20211205,2
ODK:737,20211003,2
ODK:737,20211007,2
ODK:737,20211006,2
ODK:737,20211005,2
ODK:737,20211004,2
ODK:737,20211017,2
ODK:737,20211024,2
ODK:737,20211021,2
ODK:737,20211020,2
ODK:737,20211019,2
ODK:737,20211018,2
ODK:737,20211031,2
ODK:737,20211028,2
ODK:737,20211027,2
ODK:737,20211026,2
ODK:737,20211025,2
ODK:737,20211104,2
ODK:737,20211103,2
ODK:737,20211102,2
ODK:737,20211101,2
ODK:737,20211205,2
ODK:739,20211024,2
ODK:739,20211023,2
ODK:740,20211024,2
ODK:740,20211023,2
ODK:742,20211003,2
ODK:742,20211007,2
ODK:742,20211006,2
ODK:742,20211005,2
ODK:742,20211004,2
ODK:742,20211017,2
ODK:742,20211024,2
ODK:742,20211021,2
ODK:742,20211020,2
ODK:742,20211019,2
ODK:742,20211018,2
ODK:742,20211031,2
ODK:742,20211028,2
ODK:742,20211027,2
ODK:742,20211026,2
ODK:742,20211025,2
ODK:742,20211104,2
ODK:742,20211103,2
ODK:742,20211102,2
ODK:742,20211101,2
ODK:745,20211205,2
ODK:749,20211031,2
ODK:752,20211107,1
ODK:752,20211114,1
ODK:752,20211111,1
ODK:752,20211110,1
ODK:752,20211109,1
ODK:752,20211108,1
ODK:752,20211121,1
ODK:752,20211118,1
ODK:752,20211117,1
ODK:752,20211116,1
ODK:752,20211115,1
ODK:752,20211128,1
ODK:752,20211125,1
ODK:752,20211124,1
ODK:752,20211123,1
ODK:752,20211122,1
ODK:752,20211202,1
ODK:752,20211201,1
ODK:752,20211130,1
ODK:752,20211129,1
ODK:752,20211212,1
ODK:752,20211209,1
ODK:752,20211208,1
ODK:752,20211207,1
ODK:752,20211206,1
ODK:754,20211023,2
ODK:755,20211024,2
ODK:759,20211113,2
ODK:759,20211112,2
ODK:759,20211120,2
ODK:759,20211119,2
ODK:759,20211212,1
ODK:759,20211209,1
ODK:759,20211208,1
ODK:759,20211207,1
ODK:759,20211206,1
ODK:760,20211113,2
ODK:760,20211112,2
ODK:760,20211120,2
ODK:760,20211119,2
ODK:761,20211031,2
ODK:761,20211114,2
ODK:761,20211113,2
ODK:761,20211121,2
ODK:761,20211120,2
ODK:762,20211114,2
ODK:762,20211113,2
ODK:762,20211121,2
ODK:762,20211120,2
ODK:763,20211003,2
ODK:763,20211002,2
ODK:763,20211010,2
ODK:763,20211009,2
ODK:763,20211114,2
ODK:763,20211113,2
ODK:763,20211121,2
ODK:763,20211120,2
ODK:764,20211003,2
ODK:764,20211002,2
ODK:764,20211010,2
ODK:764,20211009,2
ODK:764,20211024,2
ODK:764,20211023,2
ODK:764,20211114,2
ODK:764,20211113,2
ODK:764,20211121,2
ODK:764,20211120,2
ODK:765,20211002,2
ODK:765,20211001,2
ODK:765,20211009,2
ODK:765,20211008,2
ODK:765,20211017,1
ODK:765,20211024,1
ODK:765,20211031,1
ODK:765,20211107,1
ODK:765,20211113,2
ODK:765,20211112,2
ODK:765,20211120,2
ODK:765,20211119,2
ODK:765,20211118,2
ODK:765,20211117,2
ODK:765,20211116,2
ODK:765,20211115,2
ODK:765,20211125,2
ODK:765,20211124,2
ODK:765,20211123,2
ODK:765,20211122,2
ODK:765,20211202,2
ODK:765,20211201,2
ODK:765,20211130,2
ODK:765,20211129,2
ODK:765,20211212,1
ODK:767,20211121,2
ODK:767,20211128,2
ODK:767,20211125,2
ODK:767,20211124,2
ODK:767,20211123,2
ODK:767,20211122,2
ODK:767,20211205,2
ODK:767,20211202,2
ODK:767,20211201,2
ODK:767,20211130,2
ODK:767,20211129,2
ODK:769,20211002,2
ODK:769,20211009,2
ODK:769,20211113,2
ODK:769,20211120,2
ODK:770,20211002,2
ODK:770,20211009,2
ODK:770,20211113,2
ODK:770,20211120,2
ODK:770,20211125,2
ODK:770,20211124,2
ODK:770,20211123,2
ODK:770,20211122,2
ODK:770,20211202,2
ODK:770,20211201,2
ODK:770,20211130,2
ODK:770,20211129,2
ODK:771,20211112,2
ODK:771,20211119,2
ODK:772,20211112,2
ODK:772,20211119,2
ODK:780,20211114,1
ODK:780,20211113,2
ODK:780,20211112,2
ODK:780,20211121,1
ODK:780,20211118,1
ODK:780,20211117,1
ODK:780,20211116,1
ODK:780,20211115,1
ODK:780,20211120,2
ODK:780,20211119,2
ODK:780,20211128,1
ODK:780,20211125,1
ODK:780,20211124,1
ODK:780,20211123,1
ODK:780,20211122,1
ODK:780,20211202,1
ODK:780,20211201,1
ODK:780,20211130,1
ODK:780,20211129,1
ODK:780,20211212,1
ODK:780,20211209,1
ODK:780,20211208,1
ODK:780,20211207,1
ODK:780,20211206,1
ODK:781,20211002,2
ODK:781,20211009,2
ODK:781,20211017,1
ODK:781,20211024,1
ODK:781,20211104,2
ODK:781,20211103,2
ODK:781,20211102,2
ODK:781,20211101,2
ODK:781,20211113,2
ODK:781,20211111,2
ODK:781,20211110,2
ODK:781,20211109,2
ODK:781,20211108,2
ODK:781,20211120,2
ODK:781,20211118,2
ODK:781,20211117,2
ODK:781,20211116,2
ODK:781,20211115,2
ODK:781,20211128,1
ODK:781,20211212,1
ODK:782,20211113,2
ODK:782,20211120,2
ODK:782,20211128,1
ODK:782,20211125,1
ODK:782,20211124,1
ODK:782,20211123,1
ODK:782,20211122,1
ODK:782,20211202,1
ODK:782,20211201,1
ODK:782,20211130,1
ODK:782,20211129,1
ODK:782,20211212,1
ODK:782,20211209,1
ODK:782,20211208,1
ODK:782,20211207,1
ODK:782,20211206,1
ODK:783,20211113,2
ODK:783,20211112,2
ODK:783,20211118,1
ODK:783,20211117,1
ODK:783,20211116,1
ODK:783,20211115,1
ODK:783,20211120,2
ODK:783,20211119,2
ODK:783,20211128,1
ODK:783,20211125,1
ODK:783,20211124,1
ODK:783,20211123,1
ODK:783,20211122,1
ODK:783,20211202,1
ODK:783,20211201,1
ODK:783,20211130,1
ODK:783,20211129,1
ODK:783,20211212,1
ODK:783,20211209,1
ODK:783,20211208,1
ODK:783,20211207,1
ODK:783,20211206,1
ODK:787,20211024,2
ODK:787,20211023,2
ODK:789,20211002,2
ODK:789,20211009,2
ODK:789,20211113,2
ODK:789,20211120,2
ODK:790,20210930,1
ODK:790,20210929,1
ODK:790,20210928,1
ODK:790,20211007,1
ODK:790,20211006,1
ODK:790,20211005,1
ODK:790,20211004,1
ODK:790,20211118,1
ODK:790,20211117,1
ODK:790,20211116,1
ODK:790,20211115,1
ODK:794,20211205,2
ODK:796,20211030,2
ODK:800,20211024,2
ODK:800,20211023,2
ODK:800,20211205,2
ODK:801,20211023,2
ODK:803,20211021,2
ODK:803,20211020,2
ODK:803,20211019,2
ODK:803,20211018,2
ODK:808,20211031,2
ODK:808,20211030,2
ODK:808,20211107,2
ODK:808,20211106,2
ODK:808,20211114,2
ODK:808,20211113,2
ODK:809,20211017,1
ODK:809,20211016,1
ODK:809,20211024,1
ODK:809,20211023,1
ODK:809,20211128,1
ODK:809,20211205,1
ODK:809,20211204,1
ODK:810,20211017,1
ODK:810,20211024,1
ODK:810,20211030,2
ODK:810,20211106,2
ODK:810,20211113,2
ODK:810,20211128,1
ODK:810,20211205,1
ODK:811,20211016,1
ODK:811,20211023,1
ODK:811,20211031,2
ODK:811,20211107,2
ODK:811,20211114,2
ODK:811,20211204,1
ODK:811,20211211,1
ODK:812,20211030,2
ODK:812,20211106,2
ODK:812,20211113,2
ODK:813,20211031,2
ODK:813,20211107,2
ODK:813,20211114,2
ODK:814,20211024,2
ODK:814,20211028,2
ODK:814,20211027,2
ODK:814,20211026,2
ODK:814,20211025,2
ODK:819,20211024,2
ODK:819,20211028,2
ODK:819,20211027,2
ODK:819,20211026,2
ODK:819,20211025,2
ODK:820,20211029,2
ODK:820,20211028,2
ODK:820,20211027,2
ODK:820,20211026,2
ODK:820,20211025,2
ODK:823,20211008,2
ODK:823,20211007,2
ODK:823,20211006,2
ODK:823,20211005,2
ODK:823,20211004,2
ODK:824,20211010,2
ODK:824,20211009,2
ODK:824,20211008,2
ODK:824,20211007,2
ODK:824,20211006,2
ODK:824,20211005,2
ODK:824,20211004,2
ODK:825,20211008,2
ODK:825,20211007,2
ODK:825,20211006,2
ODK:825,20211005,2
ODK:825,20211004,2
ODK:825,20211014,2
ODK:825,20211013,2
ODK:825,20211012,2
ODK:825,20211011,2
ODK:826,20211010,2
ODK:826,20211007,2
ODK:826,20211006,2
ODK:826,20211005,2
ODK:826,20211004,2
ODK:827,20211009,2
ODK:827,20211008,2
ODK:827,20211016,2
ODK:828,20211010,2
ODK:828,20211024,2
ODK:828,20211028,2
ODK:829,20211009,2
ODK:829,20211008,2
ODK:829,20211016,2
ODK:829,20211030,2
ODK:829,20211029,2
ODK:831,20211015,2
ODK:831,20211014,2
ODK:831,20211013,2
ODK:831,20211012,2
ODK:831,20211011,2
ODK:831,20211022,2
ODK:831,20211021,2
ODK:831,20211020,2
ODK:831,20211019,2
ODK:831,20211018,2
ODK:831,20211029,2
ODK:831,20211028,2
ODK:831,20211027,2
ODK:831,20211026,2
ODK:831,20211025,2
ODK:831,20211105,2
ODK:831,20211104,2
ODK:831,20211103,2
ODK:831,20211102,2
ODK:831,20211101,2
ODK:831,20211112,2
ODK:831,20211111,2
ODK:831,20211110,2
ODK:831,20211109,2
ODK:831,20211108,2
ODK:832,20211015,1
ODK:832,20211014,1
ODK:832,20211013,1
ODK:832,20211012,1
ODK:832,20211011,1
ODK:832,20211022,1
ODK:832,20211021,1
ODK:832,20211020,1
ODK:832,20211019,1
ODK:832,20211018,1
ODK:832,20211029,1
ODK:832,20211028,1
ODK:832,20211027,1
ODK:832,20211026,1
ODK:832,20211025,1
ODK:832,20211105,1
ODK:832,20211104,1
ODK:832,20211103,1
ODK:832,20211102,1
ODK:832,20211101,1
ODK:832,20211112,1
ODK:832,20211111,1
ODK:832,20211110,1
ODK:832,20211109,1
ODK:832,20211108,1
ODK:833,20211003,2
ODK:833,20211002,2
ODK:833,20211010,2
ODK:833,20211017,2
ODK:833,20211016,2
ODK:833,20211015,2
ODK:833,20211014,2
ODK:833,20211013,2
ODK:833,20211012,2
ODK:833,20211011,2
ODK:833,20211024,2
ODK:833,20211023,2
ODK:833,20211022,2
ODK:833,20211021,2
ODK:833,20211020,2
ODK:833,20211019,2
ODK:833,20211018,2
ODK:833,20211031,2
ODK:833,20211030,2
ODK:833,20211029,2
ODK:833,20211028,2
ODK:833,20211027,2
ODK:833,20211026,2
ODK:833,20211025,2
ODK:833,20211107,2
ODK:833,20211106,2
ODK:833,20211105,2
ODK:833,20211104,2
ODK:833,20211103,2
ODK:833,20211102,2
ODK:833,20211101,2
ODK:833,20211112,2
ODK:833,20211111,2
ODK:833,20211110,2
ODK:833,20211109,2
ODK:833,20211108,2
ODK:834,20211008,2
ODK:834,20211007,2
ODK:834,20211006,2
ODK:834,20211005,2
ODK:834,20211004,2
ODK:835,20211003,2
ODK:835,20211002,2
ODK:835,20211010,2
ODK:835,20211009,2
ODK:835,20211017,2
ODK:835,20211016,2
ODK:835,20211015,2
ODK:835,20211014,2
ODK:835,20211013,2
ODK:835,20211012,2
ODK:835,20211011,2
ODK:835,20211024,2
ODK:835,20211023,2
ODK:835,20211022,2
ODK:835,20211021,2
ODK:835,20211020,2
ODK:835,20211019,2
ODK:835,20211018,2
ODK:835,20211031,2
ODK:835,20211030,2
ODK:835,20211029,2
ODK:835,20211028,2
ODK:835,20211027,2
ODK:835,20211026,2
ODK:835,20211025,2
ODK:835,20211107,2
ODK:835,20211106,2
ODK:835,20211105,2
ODK:835,20211104,2
ODK:835,20211103,2
ODK:835,20211102,2
ODK:835,20211101,2
ODK:835,20211112,2
ODK:835,20211111,2
ODK:835,20211110,2
ODK:835,20211109,2
ODK:835,20211108,2
ODK:836,20211008,2
ODK:836,20211007,2
ODK:836,20211006,2
ODK:836,20211005,2
ODK:836,20211004,2
ODK:837,20211003,2
ODK:837,20211002,2
ODK:837,20211001,2
ODK:837,20211010,2
ODK:837,20211009,2
ODK:837,20211017,2
ODK:837,20211016,2
ODK:837,20211015,2
ODK:837,20211014,2
ODK:837,20211013,2
ODK:837,20211012,2
ODK:837,20211011,2
ODK:837,20211024,2
ODK:837,20211023,2
ODK:837,20211022,2
ODK:837,20211021,2
ODK:837,20211020,2
ODK:837,20211019,2
ODK:837,20211018,2
ODK:837,20211031,2
ODK:837,20211030,2
ODK:837,20211029,2
ODK:837,20211028,2
ODK:837,20211027,2
ODK:837,20211026,2
ODK:837,20211025,2
ODK:837,20211107,2
ODK:837,20211106,2
ODK:837,20211105,2
ODK:837,20211104,2
ODK:837,20211103,2
ODK:837,20211102,2
ODK:837,20211101,2
ODK:837,20211112,2
ODK:837,20211111,2
ODK:837,20211110,2
ODK:837,20211109,2
ODK:837,20211108,2
ODK:838,20211025,2
ODK:839,20211026,2
ODK:840,20211010,2
ODK:840,20211009,2
ODK:840,20211008,2
ODK:840,20211007,2
ODK:840,20211006,2
ODK:840,20211005,2
ODK:840,20211004,2
ODK:842,20211010,2
ODK:842,20211009,2
ODK:842,20211008,2
ODK:842,20211007,2
ODK:842,20211006,2
ODK:842,20211005,2
ODK:842,20211004,2
ODK:842,20211014,2
ODK:842,20211013,2
ODK:842,20211012,2
ODK:842,20211011,2
ODK:843,20211016,2
ODK:844,20211010,2
ODK:844,20211007,2
ODK:844,20211006,2
ODK:844,20211005,2
ODK:844,20211004,2
ODK:844,20211024,2
ODK:844,20211027,2
ODK:844,20211026,2
ODK:844,20211025,2
ODK:850,20211016,1
ODK:850,20211023,1
ODK:850,20211204,1
ODK:850,20211211,1
ODK:852,20211016,1
ODK:852,20211023,1
ODK:852,20211204,1
ODK:852,20211211,1
ODK:855,20211030,2
ODK:855,20211106,2
ODK:855,20211113,2
ODK:861,20211121,2
ODK:861,20211120,2
ODK:861,20211127,2
ODK:862,20211119,2
ODK:862,20211118,2
ODK:862,20211117,2
ODK:862,20211116,2
ODK:862,20211115,2
ODK:862,20211126,2
ODK:862,20211125,2
ODK:862,20211124,2
ODK:862,20211123,2
ODK:862,20211122,2
ODK:862,20211203,2
ODK:862,20211202,2
ODK:862,20211201,2
ODK:862,20211130,2
ODK:862,20211129,2
ODK:865,20211120,2
ODK:865,20211127,2
ODK:866,20211120,2
ODK:866,20211127,2
ODK:931,20211015,2
ODK:931,20211107,2
ODK:931,20211106,2
ODK:931,20211105,2
ODK:933,20211024,2
ODK:933,20211023,2
ODK:933,20211107,2
ODK:933,20211106,2
ODK:934,20211010,2
ODK:934,20211009,2
ODK:934,20211024,2
ODK:934,20211023,2
ODK:934,20211107,2
ODK:934,20211106,2
ODK:935,20211008,1
ODK:936,20211008,2
ODK:937,20211003,2
ODK:937,20211010,2
ODK:937,20211009,2
ODK:937,20211024,2
ODK:937,20211023,2
ODK:937,20211107,2
ODK:937,20211106,2
ODK:938,20211010,2
ODK:938,20211009,2
ODK:939,20211003,2
ODK:939,20211010,2
ODK:939,20211009,2
ODK:939,20211106,2
ODK:940,20211003,2
ODK:940,20211010,2
ODK:940,20211009,2
ODK:940,20211024,2
ODK:940,20211027,2
ODK:940,20211026,2
ODK:940,20211025,2
ODK:942,20211016,2
ODK:943,20211001,2
ODK:943,20210930,2
ODK:943,20210929,2
ODK:944,20211010,2
ODK:944,20211009,2
ODK:944,20211008,2
ODK:944,20211017,2
ODK:944,20211016,2
ODK:945,20211010,2
ODK:945,20211009,2
ODK:945,20211008,2
ODK:946,20211001,1
ODK:946,20211010,2
ODK:946,20211009,2
ODK:946,20211015,1
ODK:946,20211022,1
ODK:947,20211015,2
ODK:947,20211022,2
ODK:948,20211009,2
ODK:948,20211008,2
ODK:948,20211007,2
ODK:948,20211006,2
ODK:948,20211005,2
ODK:948,20211004,2
ODK:948,20211015,2
ODK:948,20211014,2
ODK:948,20211013,2
ODK:948,20211012,2
ODK:948,20211011,2
ODK:948,20211022,2
ODK:948,20211021,2
ODK:948,20211020,2
ODK:948,20211019,2
ODK:948,20211018,2
ODK:948,20211031,1
ODK:948,20211114,1
ODK:948,20211121,1
ODK:948,20211128,1
ODK:948,20211205,1
ODK:950,20211010,2
ODK:950,20211009,2
ODK:950,20211106,2
ODK:953,20211003,2
ODK:953,20211001,2
ODK:953,20211010,2
ODK:953,20211009,2
ODK:953,20211008,2
ODK:953,20211017,2
ODK:953,20211015,2
ODK:953,20211014,2
ODK:953,20211013,2
ODK:953,20211012,2
ODK:953,20211011,2
ODK:953,20211022,2
ODK:953,20211021,2
ODK:953,20211020,2
ODK:953,20211019,2
ODK:953,20211018,2
ODK:953,20211106,2
ODK:955,20211003,2
ODK:955,20211010,2
ODK:955,20211009,2
ODK:955,20211008,2
ODK:955,20211015,2
ODK:955,20211022,2
ODK:955,20211106,2
ODK:958,20211107,2
ODK:958,20211106,2
ODK:958,20211105,2
ODK:963,20211107,2
ODK:963,20211106,2
ODK:963,20211120,2
ODK:963,20211127,2
ODK:965,20211107,2
ODK:965,20211106,2
ODK:965,20211120,2
ODK:965,20211127,2
ODK:967,20211107,2
ODK:967,20211106,2
ODK:967,20211105,2
ODK:967,20211120,2
ODK:967,20211127,2
ODK:971,20211016,2
ODK:971,20211106,2
ODK:971,20211120,2
ODK:971,20211127,2
ODK:986,20211017,2
ODK:986,20211016,2
ODK:986,20211024,2
ODK:986,20211023,2
ODK:986,20211107,2
ODK:986,20211106,2
ODK:987,20211008,2
ODK:987,20211007,2
ODK:987,20211006,2
ODK:987,20211005,2
ODK:987,20211028,2
ODK:987,20211027,2
ODK:987,20211026,2
ODK:987,20211025,2
ODK:989,20211120,2
ODK:989,20211127,2
ODK:990,20211107,2
ODK:990,20211106,2
ODK:991,20211015,2
ODK:991,20211022,2
ODK:991,20211021,2
ODK:991,20211020,2
ODK:991,20211019,2
ODK:991,20211018,2
ODK:993,20211107,2
ODK:993,20211106,2
ODK:993,20211105,2
ODK:995,20211003,2
ODK:995,20211010,2
ODK:995,20211007,2
ODK:995,20211006,2
ODK:995,20211005,2
ODK:995,20211004,2
ODK:995,20211017,2
ODK:995,20211014,2
ODK:995,20211013,2
ODK:995,20211012,2
ODK:995,20211011,2
ODK:995,20211024,2
ODK:995,20211021,2
ODK:995,20211020,2
ODK:995,20211019,2
ODK:995,20211018,2
ODK:995,20211028,2
ODK:995,20211027,2
ODK:995,20211026,2
ODK:995,20211025,2
ODK:995,20211107,2
ODK:998,20211006,2
ODK:998,20211005,2
ODK:998,20211016,2
ODK:998,20211015,2
ODK:998,20211014,2
ODK:998,20211013,2
ODK:998,20211012,2
ODK:998,20211011,2
ODK:998,20211023,2
ODK:998,20211022,2
ODK:998,20211021,2
ODK:998,20211020,2
ODK:998,20211107,2
ODK:998,20211106,2
ODK:998,20211105,2
ODK:1005,20211108,2
ODK:1008,20211031,2
ODK:1008,20211030,2
ODK:1008,20211107,2
ODK:1008,20211106,2
ODK:1008,20211114,2
ODK:1008,20211113,2
ODK:1012,20211003,1
ODK:1012,20211002,1
ODK:1012,20211017,1
ODK:1012,20211016,1
ODK:1012,20211024,1
ODK:1012,20211023,1
ODK:1012,20211107,1
ODK:1012,20211106,1
ODK:1013,20211008,2
ODK:1013,20211007,2
ODK:1013,20211006,2
ODK:1013,20211005,2
ODK:1013,20211004,2
ODK:1013,20211015,2
ODK:1013,20211014,2
ODK:1013,20211013,2
ODK:1013,20211012,2
ODK:1013,20211011,2
ODK:1013,20211022,2
ODK:1013,20211021,2
ODK:1013,20211020,2
ODK:1013,20211019,2
ODK:1013,20211018,2
ODK:1014,20211107,2
ODK:1015,20211106,2
ODK:1016,20211001,1
ODK:1016,20210930,1
ODK:1016,20210929,1
ODK:1016,20210928,1
ODK:1017,20211024,1
ODK:1017,20211023,1
ODK:1018,20211107,2
ODK:1018,20211106,2
ODK:1019,20211003,2
ODK:1019,20211002,2
ODK:1019,20211010,2
ODK:1019,20211009,2
ODK:1019,20211008,2
ODK:1019,20211007,2
ODK:1019,20211006,2
ODK:1019,20211005,2
ODK:1019,20211004,2
ODK:1019,20211017,2
ODK:1019,20211016,2
ODK:1019,20211015,2
ODK:1019,20211014,2
ODK:1019,20211013,2
ODK:1019,20211012,2
ODK:1019,20211011,2
ODK:1019,20211024,2
ODK:1019,20211023,2
ODK:1019,20211022,2
ODK:1019,20211021,2
ODK:1019,20211020,2
ODK:1019,20211019,2
ODK:1019,20211018,2
ODK:1019,20211107,2
ODK:1019,20211106,2
ODK:1019,20211105,2
ODK:1024,20211028,2
ODK:1024,20211107,2
ODK:1028,20211006,2
ODK:1028,20211005,2
ODK:1028,20211016,2
ODK:1028,20211015,2
ODK:1028,20211014,2
ODK:1028,20211013,2
ODK:1028,20211012,2
ODK:1028,20211011,2
ODK:1028,20211024,2
ODK:1028,20211023,2
ODK:1028,20211022,2
ODK:1028,20211021,2
ODK:1028,20211020,2
ODK:1028,20211030,2
ODK:1028,20211029,2
ODK:1028,20211028,2
ODK:1028,20211027,2
ODK:1028,20211026,2
ODK:1028,20211025,2
ODK:1028,20211107,2
ODK:1028,20211106,2
ODK:1028,20211105,2
ODK:1032,20211002,2
ODK:1032,20211009,2
ODK:1032,20211008,2
ODK:1032,20211016,2
ODK:1032,20211015,2
ODK:1032,20211023,2
ODK:1032,20211022,2
ODK:1032,20211030,2
ODK:1032,20211029,2
ODK:1032,20211106,2
ODK:1032,20211105,2
ODK:1034,20211120,2
ODK:1034,20211127,2
ODK:1040,20211107,2
ODK:1040,20211106,2
ODK:1040,20211105,2
ODK:1040,20211120,2
ODK:1040,20211127,2
ODK:1042,20211107,2
ODK:1043,20211106,2
ODK:1043,20211105,2
ODK:1043,20211120,2
ODK:1043,20211127,2
ODK:1044,20211106,2
ODK:1044,20211120,2
ODK:1044,20211127,2
ODK:1046,20211106,2
ODK:1046,20211120,2
ODK:1046,20211119,2
ODK:1046,20211127,2
ODK:1046,20211126,2
ODK:1067,20211006,2
ODK:1067,20211005,2
ODK:1067,20211022,2
ODK:1067,20211021,2
ODK:1067,20211020,2
ODK:1067,20211019,2
ODK:1067,20211018,2
ODK:1068,20211006,2
ODK:1068,20211022,2
ODK:1068,20211020,2
ODK:1069,20211005,2
ODK:1069,20211021,2
ODK:1069,20211019,2
ODK:1069,20211018,2
ODK:1070,20211015,2
ODK:1070,20211022,2
ODK:1070,20211019,2
ODK:1071,20211021,2
ODK:1071,20211020,2
ODK:1071,20211019,2
ODK:1075,20210929,1
ODK:1075,20211016,1
ODK:1075,20211023,1
ODK:1078,20211016,1
ODK:1078,20211023,1
ODK:1079,20211022,2
ODK:1079,20211021,2
ODK:1079,20211020,2
ODK:1079,20211019,2
ODK:1079,20211018,2
ODK:1082,20211022,2
ODK:1082,20211021,2
ODK:1082,20211020,2
ODK:1083,20211022,2
ODK:1083,20211021,2
ODK:1083,20211019,2
ODK:1083,20211018,2
ODK:1084,20211022,2
ODK:1084,20211019,2
ODK:1084,20211018,2
ODK:1085,20211021,2
ODK:1085,20211019,2
ODK:1085,20211018,2
ODK:1086,20211022,2
ODK:1086,20211021,2
ODK:1086,20211020,2
ODK:1086,20211018,2
ODK:1087,20211019,2
ODK:1087,20211018,2
ODK:1089,20211015,2
ODK:1089,20211022,2
ODK:1089,20211020,2
ODK:1089,20211018,2
ODK:1090,20211015,2
ODK:1090,20211022,2
ODK:1090,20211018,2
ODK:1095,20211021,2
ODK:1095,20211020,2
ODK:1095,20211019,2
ODK:1095,20211018,2
ODK:1097,20211119,2
ODK:1097,20211126,2
ODK:1097,20211203,2
ODK:1097,20211210,2
ODK:1098,20211120,2
ODK:1098,20211127,2
ODK:1098,20211204,2
ODK:1098,20211211,2
ODK:1099,20211119,2
ODK:1099,20211126,2
ODK:1099,20211203,2
ODK:1099,20211210,2
ODK:1101,20211021,2
ODK:1101,20211020,2
ODK:1102,20211022,2
ODK:1102,20211020,2
ODK:1102,20211019,2
ODK:1106,20211022,2
ODK:1106,20211021,2
ODK:1106,20211020,2
ODK:1106,20211018,2
ODK:1106,20211221,1
ODK:1108,20211001,2
ODK:1108,20211015,2
ODK:1108,20211022,2
ODK:1108,20211021,2
ODK:1108,20211020,2
ODK:1108,20211019,2
ODK:1108,20211018,2
ODK:1109,20211022,2
ODK:1109,20211021,2
ODK:1109,20211019,2
ODK:1109,20211018,2
ODK:1110,20211020,2
ODK:1110,20211018,2
ODK:1111,20211021,2
ODK:1111,20211019,2
ODK:1111,20211018,2
ODK:1112,20211022,2
ODK:1112,20211019,2
ODK:1113,20211022,2
ODK:1113,20211021,2
ODK:1113,20211019,2
ODK:1113,20211018,2
ODK:1114,20211020,2
ODK:1114,20211019,2
ODK:1115,20211022,2
ODK:1115,20211020,2
ODK:1115,20211018,2
ODK:1116,20211022,2
ODK:1116,20211021,2
ODK:1116,20211020,2
ODK:1116,20211019,2
ODK:1116,20211018,2
ODK:1117,20211017,2
ODK:1117,20211016,2
ODK:1117,20211024,2
ODK:1117,20211023,2
ODK:1118,20211022,2
ODK:1118,20211021,2
ODK:1118,20211020,2
ODK:1118,20211019,2
ODK:1119,20211022,2
ODK:1119,20211021,2
ODK:1119,20211020,2
ODK:1119,20211019,2
ODK:1119,20211018,2
ODK:1123,20211022,2
ODK:1124,20211021,2
ODK:1124,20211020,2
ODK:1124,20211019,2
ODK:1124,20211018,2
ODK:1126,20211021,2
ODK:1126,20211020,2
ODK:1126,20211018,2
ODK:1127,20211015,2
ODK:1127,20211022,2
ODK:1127,20211019,2
ODK:1127,20211018,2
ODK:1128,20211015,2
ODK:1128,20211022,2
ODK:1128,20211021,2
ODK:1128,20211020,2
ODK:1128,20211019,2
ODK:1128,20211018,2
ODK:1129,20211022,2
ODK:1129,20211021,2
ODK:1129,20211019,2
ODK:1129,20211018,2
ODK:1130,20211020,2
ODK:1131,20211022,2
ODK:1131,20211021,2
ODK:1131,20211019,2
ODK:1132,20211020,2
ODK:1132,20211019,2
ODK:1132,20211018,2
ODK:1134,20211022,2
ODK:1134,20211019,2
ODK:1134,20211018,2
ODK:1135,20211018,2
ODK:1136,20211022,2
ODK:1136,20211018,2
ODK:1137,20211022,2
ODK:1137,20211020,2
ODK:1137,20211018,2
ODK:1138,20211021,2
ODK:1138,20211019,2
ODK:1139,20211022,2
ODK:1139,20211019,2
ODK:1140,20211019,2
ODK:1141,20211019,2
ODK:1141,20211018,2
ODK:1142,20211021,2
ODK:1142,20211020,2
ODK:1142,20211019,2
ODK:1143,20211021,2
ODK:1144,20211021,2
ODK:1144,20211018,2
ODK:1145,20211020,2
ODK:1145,20211018,2
ODK:1150,20211006,1
ODK:1150,20211008,2
ODK:1150,20211005,2
ODK:1150,20211013,1
ODK:1150,20211020,1
ODK:1150,20211019,2
ODK:1150,20211030,1
ODK:1150,20211027,1
ODK:1150,20211107,1
ODK:1150,20211106,1
ODK:1150,20211103,1
ODK:1150,20211102,2
ODK:1150,20211114,1
ODK:1150,20211113,1
ODK:1150,20211111,1
ODK:1150,20211108,1
ODK:1150,20211121,1
ODK:1150,20211120,1
ODK:1150,20211118,1
ODK:1150,20211125,1
ODK:1150,20211126,2
ODK:1150,20211123,2
ODK:1150,20211204,1
ODK:1150,20211203,2
ODK:1150,20211211,1
ODK:1150,20211209,1
ODK:1150,20211208,1
ODK:1150,20211210,2
ODK:1150,20211216,1
ODK:1150,20211217,2
ODK:1150,20211214,2
ODK:1150,20211220,1
ODK:1153,20211006,1
ODK:1153,20211008,2
ODK:1153,20211013,1
ODK:1153,20211012,1
ODK:1153,20211015,2
ODK:1153,20211020,1
ODK:1153,20211030,1
ODK:1153,20211107,1
ODK:1153,20211103,1
ODK:1153,20211114,1
ODK:1153,20211111,1
ODK:1153,20211109,1
ODK:1153,20211108,1
ODK:1153,20211121,1
ODK:1153,20211120,1
ODK:1153,20211118,1
ODK:1153,20211116,1
ODK:1153,20211125,1
ODK:1153,20211126,2
ODK:1153,20211203,2
ODK:1153,20211210,2
ODK:1153,20211217,2
ODK:1153,20211220,1
ODK:1155,20211001,2
ODK:1159,20211007,2
ODK:1159,20211006,2
ODK:1159,20211005,2
ODK:1159,20211004,2
ODK:1170,20211021,2
ODK:1177,20211022,2
ODK:1177,20211021,2
ODK:1177,20211019,2
ODK:1177,20211018,2
ODK:1178,20211020,2
ODK:1187,20211217,2
ODK:1187,20211216,2
ODK:1187,20211215,2
ODK:1187,20211214,2
ODK:1187,20211213,2
ODK:1193,20211022,2
ODK:1193,20211021,2
ODK:1193,20211020,2
ODK:1193,20211019,2
ODK:1193,20211018,2
ODK:1194,20211217,2
ODK:1194,20211216,2
ODK:1194,20211215,2
ODK:1194,20211214,2
ODK:1194,20211213,2
ODK:1195,20211218,1
ODK:1195,20211217,2
ODK:1195,20211216,2
ODK:1195,20211215,2
ODK:1195,20211214,2
ODK:1195,20211213,2
ODK:1196,20211022,1
ODK:1196,20211021,1
ODK:1196,20211020,1
ODK:1196,20211019,1
ODK:1196,20211018,1
ODK:1197,20211021,2
ODK:1197,20211020,2
ODK:1197,20211019,2
ODK:1197,20211018,2
ODK:1199,20211021,2
ODK:1199,20211019,2
ODK:1200,20211022,2
ODK:1201,20211212,2
ODK:1201,20211217,1
ODK:1201,20211216,1
ODK:1201,20211215,1
ODK:1201,20211214,1
ODK:1201,20211213,1
ODK:1201,20211219,2
ODK:1201,20211222,1
ODK:1201,20211221,1
ODK:1201,20211220,1
ODK:1207,20211022,2
ODK:1207,20211021,2
ODK:1207,20211020,2
ODK:1207,20211019,2
ODK:1207,20211018,2
ODK:1208,20211022,2
ODK:1208,20211021,2
ODK:1208,20211020,2
ODK:1208,20211019,2
ODK:1208,20211018,2
ODK:1218,20211212,2
ODK:1218,20211219,2
ODK:1218,20211218,2
ODK:1247,20211212,2
ODK:1248,20211003,1
ODK:1248,20211002,1
ODK:1248,20211010,1
ODK:1248,20211009,1
ODK:1248,20211017,1
ODK:1248,20211016,1
ODK:1248,20211023,1
ODK:1249,20211003,1
ODK:1249,20211002,1
ODK:1249,20211010,1
ODK:1249,20211009,1
ODK:1249,20211004,1
ODK:1249,20211017,1
ODK:1249,20211016,1
ODK:1249,20211011,1
ODK:1249,20211023,1
ODK:1249,20211018,1
ODK:1250,20211003,1
ODK:1250,20211010,1
ODK:1250,20211004,1
ODK:1250,20211017,1
ODK:1250,20211011,1
ODK:1250,20211018,1
ODK:1253,20211004,1
ODK:1253,20211011,1
ODK:1253,20211018,1
ODK:1254,20211001,1
ODK:1254,20210930,1
ODK:1254,20210928,1
ODK:1254,20211008,1
ODK:1254,20211007,1
ODK:1254,20211005,1
ODK:1254,20211004,1
ODK:1254,20211015,1
ODK:1254,20211014,1
ODK:1254,20211012,1
ODK:1254,20211011,1
ODK:1254,20211022,1
ODK:1254,20211021,1
ODK:1254,20211019,1
ODK:1254,20211018,1
ODK:1255,20211003,1
ODK:1255,20211002,1
ODK:1255,20211001,1
ODK:1255,20210930,1
ODK:1255,20210928,1
ODK:1255,20211010,1
ODK:1255,20211009,1
ODK:1255,20211008,1
ODK:1255,20211007,1
ODK:1255,20211005,1
ODK:1255,20211004,1
ODK:1255,20211017,1
ODK:1255,20211016,1
ODK:1255,20211015,1
ODK:1255,20211014,1
ODK:1255,20211012,1
ODK:1255,20211011,1
ODK:1255,20211023,1
ODK:1255,20211022,1
ODK:1255,20211021,1
ODK:1255,20211019,1
ODK:1255,20211018,1
ODK:1266,20211017,2
ODK:1267,20211015,1
ODK:1267,20211020,2
ODK:1267,20211217,1
ODK:1268,20211021,2
ODK:1268,20211018,2
ODK:1282,20211022,2
ODK:1282,20211021,2
ODK:1282,20211019,2
ODK:1283,20211017,2
ODK:1286,20211001,2
ODK:1286,20211022,2
ODK:1286,20211020,2
ODK:1294,20211003,1
ODK:1294,20211002,1
ODK:1294,20211010,1
ODK:1294,20211009,1
ODK:1294,20211017,1
ODK:1294,20211016,1
ODK:1294,20211024,1
ODK:1294,20211023,1
ODK:1295,20211002,1
ODK:1295,20211009,1
ODK:1295,20211016,1
ODK:1295,20211023,1
ODK:1296,20211003,1
ODK:1296,20211010,1
ODK:1296,20211017,1
ODK:1296,20211024,1
ODK:45,20211022,1
ODK:45,20211018,1
ODK:45,20211027,2
ODK:45,20211103,2
ODK:45,20211110,2
ODK:45,20211117,2
ODK:45,20211124,2
ODK:45,20211201,2
ODK:45,20211208,2
ODK:45,20211215,2
ODK:50,20211022,1
ODK:50,20211027,2
ODK:50,20211103,2
ODK:50,20211110,2
ODK:50,20211117,2
ODK:50,20211124,2
ODK:50,20211201,2
ODK:50,20211208,2
ODK:50,20211215,2
ODK:51,20211022,1
ODK:51,20211021,1
ODK:51,20211019,1
ODK:51,20211018,1
ODK:51,20211027,2
ODK:51,20211103,2
ODK:51,20211110,2
ODK:51,20211117,2
ODK:51,20211124,2
ODK:51,20211201,2
ODK:51,20211208,2
ODK:51,20211215,2
ODK:54,20211217,1
ODK:54,20211216,1
ODK:57,20211022,1
ODK:57,20211021,1
ODK:57,20211027,2
ODK:57,20211026,2
ODK:57,20211025,2
ODK:57,20211103,2
ODK:57,20211102,2
ODK:57,20211101,2
ODK:57,20211110,2
ODK:57,20211109,2
ODK:57,20211108,2
ODK:57,20211117,2
ODK:57,20211116,2
ODK:57,20211115,2
ODK:57,20211124,2
ODK:57,20211123,2
ODK:57,20211122,2
ODK:57,20211201,2
ODK:57,20211130,2
ODK:57,20211129,2
ODK:57,20211208,2
ODK:57,20211207,2
ODK:57,20211206,2
ODK:57,20211215,2
ODK:57,20211214,2
ODK:57,20211213,2
ODK:70,20211022,2
ODK:70,20211029,2
ODK:70,20211105,2
ODK:70,20211112,2
ODK:70,20211119,2
ODK:70,20211126,2
ODK:70,20211203,2
ODK:70,20211210,2
ODK:138,20211021,1
ODK:138,20211027,2
ODK:138,20211026,2
ODK:138,20211025,2
ODK:138,20211103,2
ODK:138,20211102,2
ODK:138,20211101,2
ODK:138,20211110,2
ODK:138,20211109,2
ODK:138,20211108,2
ODK:138,20211117,2
ODK:138,20211116,2
ODK:138,20211115,2
ODK:138,20211124,2
ODK:138,20211123,2
ODK:138,20211122,2
ODK:138,20211201,2
ODK:138,20211130,2
ODK:138,20211129,2
ODK:138,20211208,2
ODK:138,20211207,2
ODK:138,20211206,2
ODK:138,20211215,2
ODK:138,20211214,2
ODK:138,20211213,2
ODK:149,20211012,1
ODK:160,20211011,2
ODK:160,20211018,2
ODK:160,20211025,2
ODK:160,20211108,2
ODK:160,20211115,2
ODK:160,20211122,2
ODK:161,20211012,2
ODK:161,20211019,2
ODK:161,20211026,2
ODK:161,20211109,2
ODK:161,20211116,2
ODK:161,20211123,2
ODK:162,20211028,2
ODK:162,20211104,2
ODK:162,20211111,2
ODK:162,20211118,2
ODK:162,20211125,2
ODK:162,20211202,2
ODK:162,20211209,2
ODK:163,20211019,2
ODK:163,20211026,2
ODK:163,20211102,2
ODK:163,20211116,2
ODK:163,20211123,2
ODK:163,20211130,2
ODK:164,20211005,2
ODK:164,20211012,2
ODK:164,20211019,2
ODK:164,20211102,2
ODK:164,20211109,2
ODK:164,20211116,2
ODK:164,20211130,2
ODK:164,20211207,2
ODK:164,20211214,2
ODK:165,20211007,2
ODK:165,20211014,2
ODK:165,20211021,2
ODK:165,20211104,2
ODK:165,20211111,2
ODK:165,20211118,2
ODK:166,20211014,2
ODK:166,20211021,2
ODK:166,20211028,2
ODK:166,20211111,2
ODK:166,20211118,2
ODK:166,20211125,2
ODK:167,20211021,2
ODK:167,20211028,2
ODK:167,20211104,2
ODK:167,20211118,2
ODK:167,20211125,2
ODK:167,20211202,2
ODK:168,20211015,2
ODK:168,20211022,2
ODK:168,20211029,2
ODK:168,20211112,2
ODK:168,20211119,2
ODK:168,20211126,2
ODK:169,20211022,2
ODK:169,20211029,2
ODK:169,20211105,2
ODK:169,20211119,2
ODK:169,20211126,2
ODK:169,20211203,2
ODK:170,20211029,2
ODK:170,20211105,2
ODK:170,20211112,2
ODK:170,20211119,2
ODK:170,20211126,2
ODK:170,20211203,2
ODK:170,20211210,2
ODK:171,20211008,2
ODK:171,20211015,2
ODK:171,20211022,2
ODK:171,20211105,2
ODK:171,20211112,2
ODK:171,20211119,2
ODK:172,20211013,2
ODK:172,20211027,2
ODK:172,20211110,2
ODK:172,20211117,2
ODK:172,20211124,2
ODK:172,20211208,2
ODK:174,20211026,2
ODK:174,20211102,2
ODK:174,20211109,2
ODK:174,20211116,2
ODK:174,20211123,2
ODK:174,20211130,2
ODK:174,20211207,2
ODK:175,20211025,2
ODK:175,20211101,2
ODK:175,20211108,2
ODK:175,20211115,2
ODK:175,20211122,2
ODK:175,20211129,2
ODK:175,20211206,2
ODK:176,20211018,2
ODK:176,20211025,2
ODK:176,20211101,2
ODK:176,20211115,2
ODK:176,20211122,2
ODK:176,20211129,2
ODK:177,20211101,2
ODK:177,20211108,2
ODK:177,20211115,2
ODK:177,20211129,2
ODK:177,20211206,2
ODK:177,20211213,2
ODK:179,20211002,1
ODK:179,20211012,1
ODK:181,20211112,2
ODK:181,20211119,2
ODK:181,20211126,2
ODK:182,20211108,2
ODK:182,20211115,2
ODK:182,20211122,2
ODK:183,20211109,2
ODK:183,20211116,2
ODK:183,20211123,2
ODK:184,20211116,2
ODK:184,20211123,2
ODK:184,20211130,2
ODK:185,20211102,2
ODK:185,20211109,2
ODK:185,20211116,2
ODK:185,20211130,2
ODK:185,20211207,2
ODK:185,20211214,2
ODK:186,20211104,2
ODK:186,20211111,2
ODK:186,20211118,2
ODK:187,20211111,2
ODK:187,20211118,2
ODK:187,20211125,2
ODK:188,20211118,2
ODK:188,20211125,2
ODK:188,20211202,2
ODK:189,20211119,2
ODK:189,20211126,2
ODK:189,20211203,2
ODK:190,20211105,2
ODK:190,20211112,2
ODK:190,20211119,2
ODK:191,20211027,2
ODK:191,20211110,2
ODK:191,20211117,2
ODK:191,20211124,2
ODK:191,20211208,2
ODK:192,20211103,2
ODK:192,20211117,2
ODK:192,20211201,2
ODK:192,20211215,2
ODK:193,20211115,2
ODK:193,20211122,2
ODK:193,20211129,2
ODK:195,20211016,2
ODK:195,20211020,1
ODK:197,20211016,1
ODK:197,20211015,1
ODK:197,20211023,1
ODK:197,20211021,1
ODK:198,20211016,1
ODK:198,20211023,1
ODK:204,20211016,1
ODK:204,20211023,1
ODK:214,20211022,2
ODK:223,20211023,2
ODK:230,20211216,1
ODK:230,20211215,1
ODK:232,20211007,1
ODK:234,20211007,1
ODK:234,20211011,1
ODK:235,20211020,1
ODK:235,20211019,1
ODK:235,20211018,1
ODK:242,20211007,2
ODK:242,20211011,1
ODK:242,20211022,1
ODK:242,20211020,2
ODK:242,20211019,2
ODK:247,20211013,1
ODK:247,20211012,1
ODK:247,20211011,1
ODK:247,20211022,1
ODK:252,20211218,1
ODK:252,20211217,1
ODK:252,20211216,1
ODK:271,20211216,1
ODK:272,20211218,1
ODK:282,20211218,1
ODK:282,20211217,1
ODK:282,20211216,1
ODK:283,20211217,1
ODK:283,20211216,1
ODK:284,20211005,2
ODK:286,20211024,2
ODK:288,20211024,2
ODK:290,20211023,2
ODK:292,20211218,1
ODK:292,20211216,1
ODK:293,20211024,2
ODK:294,20211024,2
ODK:294,20211023,2
ODK:300,20211002,1
ODK:300,20211010,2
ODK:300,20211017,2
ODK:300,20211024,2
ODK:300,20211031,2
ODK:300,20211107,2
ODK:300,20211114,2
ODK:300,20211121,2
ODK:300,20211128,2
ODK:300,20211205,2
ODK:306,20211024,2
ODK:306,20211023,2
ODK:307,20211218,1
ODK:307,20211217,1
ODK:309,20211023,2
ODK:310,20211024,2
ODK:311,20211004,2
ODK:320,20211008,2
ODK:320,20211007,2
ODK:320,20211006,2
ODK:320,20211005,2
ODK:320,20211004,2
ODK:331,20211003,1
ODK:332,20211003,1
ODK:332,20211001,1
ODK:350,20211022,1
ODK:350,20211021,1
ODK:351,20211017,1
ODK:352,20211010,2
ODK:352,20211009,2
ODK:352,20211008,2
ODK:352,20211012,1
ODK:352,20211020,2
ODK:359,20211003,1
ODK:359,20211004,1
ODK:360,20211004,1
ODK:362,20211004,1
ODK:364,20211008,1
ODK:364,20211004,1
ODK:365,20211017,1
ODK:365,20211016,1
ODK:365,20211015,1
ODK:365,20211014,1
ODK:365,20211019,1
ODK:365,20211018,1
ODK:366,20211009,1
ODK:374,20211011,1
ODK:377,20211007,1
ODK:377,20211006,1
ODK:377,20211005,1
ODK:377,20211004,1
ODK:385,20211114,1
ODK:389,20211003,1
ODK:393,20211023,1
ODK:393,20211031,2
ODK:396,20211031,2
ODK:401,20211016,2
ODK:401,20211023,2
ODK:403,20211128,1
ODK:403,20211127,1
ODK:404,20211124,2
ODK:404,20211123,2
ODK:404,20211122,2
ODK:404,20211204,2
ODK:409,20211017,2
ODK:409,20211024,2
ODK:409,20211031,2
ODK:409,20211107,2
ODK:410,20211107,2
ODK:410,20211114,2
ODK:410,20211121,2
ODK:410,20211128,2
ODK:411,20211016,2
ODK:411,20211023,2
ODK:411,20211030,2
ODK:411,20211106,2
ODK:412,20211106,2
ODK:412,20211113,2
ODK:412,20211120,2
ODK:412,20211127,2
ODK:414,20211030,2
ODK:415,20210928,1
ODK:415,20211003,2
ODK:415,20211010,2
ODK:415,20211017,2
ODK:415,20211024,2
ODK:415,20211031,2
ODK:415,20211114,2
ODK:415,20211127,1
ODK:416,20210928,1
ODK:416,20211003,2
ODK:416,20211010,2
ODK:416,20211017,2
ODK:416,20211024,2
ODK:416,20211031,2
ODK:416,20211114,2
ODK:416,20211121,2
ODK:416,20211127,1
ODK:418,20211114,2
ODK:418,20211121,2
ODK:418,20211127,1
ODK:419,20211113,2
ODK:419,20211120,2
ODK:419,20211128,1
ODK:420,20211024,1
ODK:420,20211030,2
ODK:422,20211114,2
ODK:422,20211121,2
ODK:426,20211106,1
ODK:426,20211107,2
ODK:426,20211114,2
ODK:427,20211128,2
ODK:431,20211106,2
ODK:431,20211111,1
ODK:431,20211110,1
ODK:431,20211109,1
ODK:431,20211108,1
ODK:431,20211113,2
ODK:431,20211120,2
ODK:431,20211127,2
ODK:433,20211008,2
ODK:433,20211007,2
ODK:433,20211006,2
ODK:433,20211005,2
ODK:433,20211015,2
ODK:433,20211014,2
ODK:433,20211013,2
ODK:433,20211012,2
ODK:433,20211022,2
ODK:433,20211021,2
ODK:433,20211020,2
ODK:433,20211019,2
ODK:433,20211029,2
ODK:433,20211028,2
ODK:433,20211027,2
ODK:433,20211026,2
ODK:433,20211105,2
ODK:433,20211104,2
ODK:433,20211103,2
ODK:433,20211102,2
ODK:433,20211112,2
ODK:433,20211111,2
ODK:433,20211110,2
ODK:433,20211109,2
ODK:433,20211119,2
ODK:433,20211118,2
ODK:433,20211117,2
ODK:433,20211116,2
ODK:433,20211129,1
ODK:433,20211206,1
ODK:440,20211120,1
ODK:440,20211128,2
ODK:444,20211127,2
ODK:445,20211128,2
ODK:445,20211127,2
ODK:456,20211218,1
ODK:456,20211216,1
ODK:457,20211217,1
ODK:458,20211010,2
ODK:458,20211024,2
ODK:458,20211107,2
ODK:462,20211217,1
ODK:462,20211216,1
ODK:469,20211023,2
ODK:469,20211106,2
ODK:489,20211016,2
ODK:489,20211023,2
ODK:489,20211106,2
ODK:489,20211113,2
ODK:489,20211120,2
ODK:489,20211127,2
ODK:492,20211120,1
ODK:492,20211128,1
ODK:492,20211127,1
ODK:495,20211216,1
ODK:496,20211128,1
ODK:509,20211006,1
ODK:509,20211005,1
ODK:564,20211219,1
ODK:564,20211218,1
ODK:564,20211217,1
ODK:564,20211216,1
ODK:568,20211121,1
ODK:568,20211129,2
ODK:569,20211025,2
ODK:569,20211101,2
ODK:569,20211108,2
ODK:573,20211022,2
ODK:573,20211029,2
ODK:573,20211105,2
ODK:573,20211112,2
ODK:573,20211119,2
ODK:573,20211126,2
ODK:573,20211203,2
ODK:578,20211128,1
ODK:578,20211127,1
ODK:578,20211124,2
ODK:578,20211123,2
ODK:578,20211122,2
ODK:580,20211107,1
ODK:580,20211111,1
ODK:580,20211117,2
ODK:580,20211116,2
ODK:580,20211115,2
ODK:585,20211024,2
ODK:585,20211031,2
ODK:585,20211107,2
ODK:593,20211128,1
ODK:597,20211129,2
ODK:599,20211026,1
ODK:599,20211025,1
ODK:599,20211031,2
ODK:599,20211107,2
ODK:599,20211120,1
ODK:599,20211128,2
ODK:599,20211204,1
ODK:600,20211029,1
ODK:600,20211028,1
ODK:600,20211027,1
ODK:600,20211106,2
ODK:600,20211113,2
ODK:600,20211120,2
ODK:600,20211127,2
ODK:600,20211204,2
ODK:602,20211028,1
ODK:602,20211027,1
ODK:602,20211031,2
ODK:602,20211030,2
ODK:602,20211107,2
ODK:602,20211106,2
ODK:602,20211114,2
ODK:602,20211113,2
ODK:602,20211128,2
ODK:602,20211127,2
ODK:610,20211113,2
ODK:627,20211113,2
ODK:627,20211120,2
ODK:627,20211127,2
ODK:627,20211204,2
ODK:630,20211005,1
ODK:630,20211004,1
ODK:635,20211021,1
ODK:635,20211020,1
ODK:635,20211019,1
ODK:635,20211018,1
ODK:636,20211114,2
ODK:636,20211128,2
ODK:637,20211023,1
ODK:637,20211031,2
ODK:637,20211114,2
ODK:637,20211128,2
ODK:638,20211030,2
ODK:638,20211107,1
ODK:638,20211106,2
ODK:638,20211113,2
ODK:638,20211120,2
ODK:638,20211127,2
ODK:638,20211204,2
ODK:639,20211030,1
ODK:639,20211029,1
ODK:639,20211028,1
ODK:639,20211027,1
ODK:639,20211031,2
ODK:639,20211107,2
ODK:639,20211114,2
ODK:639,20211128,2
ODK:641,20211028,1
ODK:641,20211027,1
ODK:641,20211030,2
ODK:641,20211106,2
ODK:641,20211113,2
ODK:641,20211121,1
ODK:641,20211127,2
ODK:641,20211205,1
ODK:647,20211001,1
ODK:647,20211007,2
ODK:647,20211006,2
ODK:647,20211005,2
ODK:647,20211011,1
ODK:650,20211003,1
ODK:650,20211006,1
ODK:650,20211005,1
ODK:651,20211017,2
ODK:651,20211024,2
ODK:651,20211031,2
ODK:661,20211127,2
ODK:666,20211120,1
ODK:666,20211204,1
ODK:675,20211128,1
ODK:675,20211124,2
ODK:675,20211123,2
ODK:675,20211122,2
ODK:676,20211009,2
ODK:687,20211008,1
ODK:696,20211024,1
ODK:696,20211023,2
ODK:696,20211029,1
ODK:696,20211028,1
ODK:696,20211027,1
ODK:696,20211026,1
ODK:696,20211025,1
ODK:697,20211002,1
ODK:699,20211024,1
ODK:699,20211023,2
ODK:699,20211029,1
ODK:699,20211028,1
ODK:699,20211027,1
ODK:699,20211026,1
ODK:699,20211025,1
ODK:703,20211216,1
ODK:703,20211215,1
ODK:716,20211004,1
ODK:716,20211014,2
ODK:716,20211013,2
ODK:716,20211012,2
ODK:716,20211018,1
ODK:721,20211107,2
ODK:736,20211003,1
ODK:736,20211004,1
ODK:744,20211219,1
ODK:744,20211216,1
ODK:746,20211010,2
ODK:746,20211014,2
ODK:746,20211013,2
ODK:746,20211012,2
ODK:746,20211011,2
ODK:757,20211017,1
ODK:757,20211031,1
ODK:758,20211014,1
ODK:758,20211013,1
ODK:758,20211012,1
ODK:758,20211011,1
ODK:773,20211017,2
ODK:773,20211024,2
ODK:773,20211031,2
ODK:773,20211107,2
ODK:773,20211113,1
ODK:773,20211120,1
ODK:773,20211128,2
ODK:777,20211118,1
ODK:777,20211117,1
ODK:777,20211116,1
ODK:777,20211115,1
ODK:777,20211121,2
ODK:777,20211128,2
ODK:778,20211114,1
ODK:786,20211004,1
ODK:786,20211010,2
ODK:786,20211017,2
ODK:786,20211014,2
ODK:786,20211013,2
ODK:786,20211012,2
ODK:786,20211024,2
ODK:786,20211021,2
ODK:786,20211020,2
ODK:786,20211019,2
ODK:786,20211031,2
ODK:786,20211028,2
ODK:786,20211027,2
ODK:786,20211026,2
ODK:786,20211107,2
ODK:786,20211104,2
ODK:786,20211103,2
ODK:786,20211102,2
ODK:786,20211111,2
ODK:786,20211110,2
ODK:786,20211109,2
ODK:786,20211118,2
ODK:786,20211117,2
ODK:786,20211116,2
ODK:786,20211122,1
ODK:786,20211129,1
ODK:788,20211017,2
ODK:788,20211016,2
ODK:788,20211024,2
ODK:788,20211023,2
ODK:788,20211031,2
ODK:788,20211030,2
ODK:788,20211107,2
ODK:788,20211106,2
ODK:791,20211010,2
ODK:791,20211017,2
ODK:791,20211014,2
ODK:791,20211013,2
ODK:791,20211012,2
ODK:791,20211011,2
ODK:791,20211024,2
ODK:791,20211021,2
ODK:791,20211020,2
ODK:791,20211019,2
ODK:791,20211018,2
ODK:791,20211031,2
ODK:791,20211028,2
ODK:791,20211027,2
ODK:791,20211026,2
ODK:791,20211025,2
ODK:791,20211107,2
ODK:791,20211104,2
ODK:791,20211103,2
ODK:791,20211102,2
ODK:791,20211101,2
ODK:791,20211111,2
ODK:791,20211110,2
ODK:791,20211109,2
ODK:791,20211108,2
ODK:849,20211031,2
ODK:849,20211030,2
ODK:849,20211107,2
ODK:849,20211106,2
ODK:849,20211114,2
ODK:849,20211113,2
ODK:849,20211120,2
ODK:849,20211127,2
ODK:857,20211121,2
ODK:857,20211120,2
ODK:857,20211127,2
ODK:858,20211016,2
ODK:858,20211023,2
ODK:858,20211030,2
ODK:858,20211106,2
ODK:858,20211113,2
ODK:858,20211120,2
ODK:858,20211127,2
ODK:858,20211204,2
ODK:859,20211003,1
ODK:859,20211002,1
ODK:864,20211120,2
ODK:864,20211127,2
ODK:867,20211024,2
ODK:867,20211028,2
ODK:867,20211027,2
ODK:867,20211026,2
ODK:867,20211025,2
ODK:870,20211120,2
ODK:870,20211119,2
ODK:870,20211127,2
ODK:870,20211126,2
ODK:873,20211120,2
ODK:873,20211119,2
ODK:873,20211127,2
ODK:873,20211126,2
ODK:873,20211204,2
ODK:873,20211203,2
ODK:874,20211120,2
ODK:874,20211127,2
ODK:875,20211001,1
ODK:875,20211014,1
ODK:875,20211013,1
ODK:875,20211012,1
ODK:875,20211011,1
ODK:876,20211113,1
ODK:876,20211204,1
ODK:876,20211203,1
ODK:876,20211210,1
ODK:877,20211015,2
ODK:877,20211014,2
ODK:877,20211013,2
ODK:877,20211012,2
ODK:878,20211120,2
ODK:878,20211127,2
ODK:880,20211015,2
ODK:880,20211014,2
ODK:880,20211013,2
ODK:880,20211012,2
ODK:880,20211011,2
ODK:880,20211022,2
ODK:880,20211021,2
ODK:880,20211020,2
ODK:880,20211019,2
ODK:880,20211018,2
ODK:880,20211029,2
ODK:880,20211028,2
ODK:880,20211027,2
ODK:880,20211026,2
ODK:880,20211025,2
ODK:880,20211105,2
ODK:880,20211104,2
ODK:880,20211103,2
ODK:880,20211102,2
ODK:880,20211101,2
ODK:880,20211112,2
ODK:880,20211111,2
ODK:880,20211110,2
ODK:880,20211109,2
ODK:880,20211108,2
ODK:880,20211119,2
ODK:880,20211118,2
ODK:880,20211117,2
ODK:880,20211116,2
ODK:880,20211115,2
ODK:880,20211126,2
ODK:880,20211125,2
ODK:880,20211124,2
ODK:880,20211123,2
ODK:880,20211122,2
ODK:880,20211203,2
ODK:880,20211202,2
ODK:880,20211201,2
ODK:880,20211130,2
ODK:880,20211129,2
ODK:881,20211009,1
ODK:881,20211004,1
ODK:882,20211009,1
ODK:882,20211004,1
ODK:883,20210930,1
ODK:883,20210929,1
ODK:883,20210928,1
ODK:884,20211120,2
ODK:884,20211127,2
ODK:892,20211014,2
ODK:892,20211013,2
ODK:892,20211012,2
ODK:892,20211011,2
ODK:895,20211009,1
ODK:896,20211010,1
ODK:900,20211003,1
ODK:900,20211002,1
ODK:900,20211001,1
ODK:900,20211007,2
ODK:900,20211006,2
ODK:900,20211005,2
ODK:900,20211011,1
ODK:901,20211121,1
ODK:906,20211010,1
ODK:906,20211009,1
ODK:906,20211007,2
ODK:906,20211006,2
ODK:906,20211005,2
ODK:906,20211011,1
ODK:908,20211008,1
ODK:913,20211001,1
ODK:913,20211007,2
ODK:913,20211006,2
ODK:913,20211012,1
ODK:913,20211011,1
ODK:914,20211002,1
ODK:914,20211001,1
ODK:914,20211007,2
ODK:914,20211006,2
ODK:914,20211005,2
ODK:914,20211011,1
ODK:916,20211001,1
ODK:916,20211007,2
ODK:916,20211005,2
ODK:916,20211013,1
ODK:916,20211011,1
ODK:917,20211007,2
ODK:917,20211006,2
ODK:917,20211005,2
ODK:917,20211011,1
ODK:922,20211008,1
ODK:922,20211006,1
ODK:922,20211005,1
ODK:922,20211004,1
ODK:923,20211001,1
ODK:923,20210930,1
ODK:923,20211006,2
ODK:923,20211005,2
ODK:923,20211011,1
ODK:924,20211002,1
ODK:928,20211002,1
ODK:928,20211014,1
ODK:928,20211013,1
ODK:928,20211012,1
ODK:928,20211011,1
ODK:949,20211010,2
ODK:949,20211031,2
ODK:949,20211029,2
ODK:949,20211028,2
ODK:949,20211027,2
ODK:949,20211026,2
ODK:949,20211025,2
ODK:949,20211105,2
ODK:949,20211104,2
ODK:949,20211103,2
ODK:949,20211102,2
ODK:949,20211101,2
ODK:951,20211017,1
ODK:956,20211003,2
ODK:956,20211010,2
ODK:956,20211009,2
ODK:956,20211031,2
ODK:956,20211030,2
ODK:956,20211029,2
ODK:956,20211028,2
ODK:956,20211027,2
ODK:956,20211026,2
ODK:956,20211025,2
ODK:956,20211106,2
ODK:956,20211105,2
ODK:956,20211104,2
ODK:956,20211103,2
ODK:956,20211102,2
ODK:956,20211101,2
ODK:957,20211017,1
ODK:957,20211023,1
ODK:957,20211029,2
ODK:957,20211028,2
ODK:957,20211027,2
ODK:957,20211026,2
ODK:957,20211025,2
ODK:957,20211107,1
ODK:957,20211105,2
ODK:957,20211104,2
ODK:957,20211103,2
ODK:957,20211102,2
ODK:957,20211101,2
ODK:960,20211017,1
ODK:960,20211016,1
ODK:960,20211021,1
ODK:960,20211020,1
ODK:960,20211019,1
ODK:960,20211018,1
ODK:961,20211107,2
ODK:961,20211106,2
ODK:961,20211120,2
ODK:961,20211127,2
ODK:972,20211010,2
ODK:972,20211009,2
ODK:974,20211008,2
ODK:974,20211024,1
ODK:974,20211023,1
ODK:975,20211021,1
ODK:975,20211020,1
ODK:975,20211019,1
ODK:975,20211018,1
ODK:976,20211010,2
ODK:976,20211009,2
ODK:976,20211008,2
ODK:978,20211010,2
ODK:979,20211017,1
ODK:979,20211023,1
ODK:992,20211106,2
ODK:992,20211105,2
ODK:992,20211120,2
ODK:992,20211119,2
ODK:992,20211127,2
ODK:992,20211126,2
ODK:994,20211007,1
ODK:994,20211010,2
ODK:994,20211011,2
ODK:994,20211019,1
ODK:994,20211028,1
ODK:994,20211027,1
ODK:994,20211026,1
ODK:996,20211007,2
ODK:996,20211011,1
ODK:996,20211019,2
ODK:999,20211009,2
ODK:999,20211008,2
ODK:999,20211007,2
ODK:999,20211011,1
ODK:999,20211019,2
ODK:1000,20211017,1
ODK:1000,20211016,1
ODK:1001,20211031,2
ODK:1001,20211030,2
ODK:1022,20211001,1
ODK:1022,20210930,1
ODK:1022,20210929,1
ODK:1022,20210928,1
ODK:1022,20211010,2
ODK:1022,20211009,2
ODK:1022,20211017,2
ODK:1022,20211016,2
ODK:1022,20211031,2
ODK:1022,20211030,2
ODK:1023,20211031,2
ODK:1023,20211028,2
ODK:1023,20211027,2
ODK:1023,20211026,2
ODK:1023,20211025,2
ODK:1023,20211104,2
ODK:1023,20211103,2
ODK:1023,20211102,2
ODK:1023,20211101,2
ODK:1026,20211014,1
ODK:1026,20211011,1
ODK:1026,20211024,1
ODK:1026,20211021,1
ODK:1026,20211019,2
ODK:1026,20211025,1
ODK:1029,20211016,1
ODK:1029,20211015,1
ODK:1029,20211014,1
ODK:1029,20211011,1
ODK:1029,20211024,1
ODK:1029,20211023,1
ODK:1029,20211022,1
ODK:1029,20211021,1
ODK:1029,20211019,2
ODK:1029,20211025,1
ODK:1030,20211028,1
ODK:1030,20211027,1
ODK:1030,20211107,1
ODK:1035,20211106,2
ODK:1035,20211120,2
ODK:1035,20211127,2
ODK:1036,20211017,1
ODK:1036,20211021,1
ODK:1036,20211020,1
ODK:1036,20211019,1
ODK:1036,20211018,1
ODK:1038,20211017,1
ODK:1048,20211018,1
ODK:1050,20211003,1
ODK:1050,20211001,1
ODK:1050,20211007,2
ODK:1050,20211006,2
ODK:1050,20211005,2
ODK:1050,20211011,1
ODK:1052,20211031,2
ODK:1052,20211030,2
ODK:1052,20211029,2
ODK:1052,20211028,2
ODK:1052,20211027,2
ODK:1052,20211026,2
ODK:1052,20211025,2
ODK:1052,20211105,2
ODK:1052,20211104,2
ODK:1052,20211103,2
ODK:1052,20211102,2
ODK:1052,20211101,2
ODK:1053,20211008,2
ODK:1054,20211021,1
ODK:1054,20211020,1
ODK:1054,20211019,1
ODK:1054,20211018,1
ODK:1055,20211010,2
ODK:1055,20211009,2
ODK:1056,20211008,1
ODK:1056,20211010,2
ODK:1056,20211009,2
ODK:1058,20211017,1
ODK:1060,20211016,2
ODK:1061,20211009,1
ODK:1061,20211017,2
ODK:1062,20211017,1
ODK:1062,20211011,2
ODK:1062,20211019,1
ODK:1064,20211010,2
ODK:1072,20211015,1
ODK:1074,20210930,1
ODK:1074,20210929,1
ODK:1074,20210928,1
ODK:1074,20211003,2
ODK:1074,20211002,2
ODK:1074,20211010,2
ODK:1074,20211009,2
ODK:1074,20211015,1
ODK:1081,20211022,1
ODK:1081,20211021,1
ODK:1081,20211020,1
ODK:1081,20211019,1
ODK:1081,20211018,1
ODK:1094,20211022,2
ODK:1094,20211021,2
ODK:1094,20211020,2
ODK:1094,20211019,2
ODK:1094,20211018,2
ODK:1100,20211007,2
ODK:1100,20211006,2
ODK:1100,20211014,2
ODK:1100,20211013,2
ODK:1100,20211021,2
ODK:1100,20211020,2
ODK:1100,20211028,2
ODK:1100,20211027,2
ODK:1100,20211104,2
ODK:1100,20211103,2
ODK:1100,20211111,2
ODK:1100,20211110,2
ODK:1100,20211118,2
ODK:1100,20211117,2
ODK:1107,20211008,2
ODK:1107,20211022,2
ODK:1107,20211029,2
ODK:1107,20211105,2
ODK:1107,20211112,2
ODK:1107,20211119,2
ODK:1107,20211126,2
ODK:1107,20211203,2
ODK:1107,20211210,2
ODK:1107,20211217,2
ODK:1107,20211221,1
ODK:1125,20211010,2
ODK:1125,20211017,2
ODK:1125,20211024,2
ODK:1125,20211031,2
ODK:1154,20211005,2
ODK:1154,20211015,1
ODK:1154,20211012,2
ODK:1154,20211019,2
ODK:1154,20211027,1
ODK:1154,20211102,2
ODK:1154,20211113,1
ODK:1154,20211109,2
ODK:1154,20211116,2
ODK:1154,20211123,2
ODK:1154,20211204,1
ODK:1154,20211211,1
ODK:1154,20211216,1
ODK:1154,20211214,2
ODK:1165,20211024,2
ODK:1165,20211023,2
ODK:1165,20211031,2
ODK:1165,20211030,2
ODK:1165,20211107,2
ODK:1165,20211106,2
ODK:1165,20211114,2
ODK:1165,20211113,2
ODK:1165,20211121,2
ODK:1165,20211120,2
ODK:1165,20211128,2
ODK:1165,20211127,2
ODK:1165,20211205,2
ODK:1165,20211204,2
ODK:1165,20211211,2
ODK:1166,20211022,2
ODK:1166,20211021,2
ODK:1166,20211020,2
ODK:1166,20211019,2
ODK:1166,20211018,2
ODK:1166,20211029,2
ODK:1166,20211028,2
ODK:1166,20211027,2
ODK:1166,20211026,2
ODK:1166,20211025,2
ODK:1166,20211105,2
ODK:1166,20211104,2
ODK:1166,20211103,2
ODK:1166,20211102,2
ODK:1166,20211101,2
ODK:1166,20211112,2
ODK:1166,20211111,2
ODK:1166,20211110,2
ODK:1166,20211109,2
ODK:1166,20211108,2
ODK:1166,20211119,2
ODK:1166,20211118,2
ODK:1166,20211117,2
ODK:1166,20211116,2
ODK:1166,20211115,2
ODK:1166,20211126,2
ODK:1166,20211125,2
ODK:1166,20211124,2
ODK:1166,20211123,2
ODK:1166,20211122,2
ODK:1166,20211203,2
ODK:1166,20211202,2
ODK:1166,20211201,2
ODK:1166,20211130,2
ODK:1166,20211129,2
ODK:1166,20211210,2
ODK:1166,20211209,2
ODK:1166,20211208,2
ODK:1166,20211207,2
ODK:1166,20211206,2
ODK:1167,20211217,1
ODK:1167,20211216,1
ODK:1167,20211215,1
ODK:1173,20211030,2
ODK:1173,20211106,2
ODK:1173,20211113,2
ODK:1173,20211120,2
ODK:1174,20211031,2
ODK:1174,20211107,2
ODK:1174,20211114,2
ODK:1174,20211121,2
ODK:1175,20211031,2
ODK:1175,20211030,2
ODK:1175,20211107,2
ODK:1175,20211106,2
ODK:1175,20211114,2
ODK:1175,20211113,2
ODK:1175,20211121,2
ODK:1175,20211120,2
ODK:1179,20211216,1
ODK:1181,20211217,1
ODK:1198,20211029,2
ODK:1198,20211028,2
ODK:1198,20211027,2
ODK:1198,20211026,2
ODK:1198,20211025,2
ODK:1198,20211105,2
ODK:1198,20211104,2
ODK:1198,20211103,2
ODK:1198,20211102,2
ODK:1198,20211101,2
ODK:1198,20211112,2
ODK:1198,20211111,2
ODK:1198,20211110,2
ODK:1198,20211109,2
ODK:1198,20211108,2
ODK:1198,20211119,2
ODK:1198,20211118,2
ODK:1198,20211117,2
ODK:1198,20211116,2
ODK:1198,20211115,2
ODK:1198,20211126,2
ODK:1198,20211125,2
ODK:1198,20211124,2
ODK:1198,20211123,2
ODK:1198,20211122,2
ODK:1198,20211203,2
ODK:1198,20211202,2
ODK:1198,20211201,2
ODK:1198,20211130,2
ODK:1198,20211129,2
ODK:1198,20211210,2
ODK:1198,20211209,2
ODK:1198,20211208,2
ODK:1198,20211207,2
ODK:1198,20211206,2
ODK:1232,20211004,1
ODK:1234,20211004,1
ODK:1257,20211001,1
ODK:1257,20210930,1
ODK:1257,20210929,1
ODK:1257,20211004,1
ODK:1269,20211031,1
ODK:1272,20211008,2
ODK:1272,20211007,2
ODK:1272,20211006,2
ODK:1272,20211005,2
ODK:1272,20211004,2
ODK:1277,20211008,2
ODK:1277,20211015,2
ODK:1278,20211003,1
ODK:1278,20211008,2
ODK:1278,20211022,2
ODK:1279,20211008,1
ODK:1281,20210929,1
ODK:1281,20210928,1
ODK:1285,20211022,1
ODK:1285,20211021,1
ODK:1285,20211020,1
ODK:1285,20211019,1
ODK:1285,20211018,1
ODK:119,20211015,1
ODK:119,20211221,1
ODK:194,20210930,1
ODK:194,20211011,1
ODK:238,20210930,1
ODK:238,20210929,1
ODK:238,20210928,1
ODK:238,20211004,1
ODK:263,20211007,1
ODK:263,20211013,1
ODK:263,20211012,1
ODK:263,20211011,1
ODK:325,20211017,1
ODK:325,20211019,1
ODK:325,20211018,1
ODK:329,20211017,1
ODK:329,20211016,1
ODK:329,20211020,1
ODK:329,20211019,1
ODK:329,20211018,1
ODK:337,20211010,1
ODK:337,20211014,1
ODK:337,20211013,1
ODK:337,20211012,1
ODK:337,20211011,1
ODK:343,20211017,1
ODK:343,20211016,1
ODK:343,20211015,1
ODK:343,20211014,1
ODK:343,20211020,1
ODK:343,20211019,1
ODK:343,20211018,1
ODK:346,20211012,1
ODK:346,20211011,1
ODK:346,20211024,1
ODK:347,20211017,1
ODK:347,20211014,1
ODK:347,20211013,1
ODK:347,20211019,1
ODK:347,20211018,1
ODK:348,20211017,1
ODK:348,20211016,1
ODK:348,20211015,1
ODK:348,20211019,1
ODK:348,20211018,1
ODK:354,20211010,1
ODK:354,20211011,1
ODK:363,20211001,1
ODK:363,20210930,1
ODK:363,20210929,1
ODK:363,20210928,1
ODK:363,20211004,1
ODK:368,20211002,1
ODK:368,20211004,1
ODK:369,20211003,1
ODK:369,20211002,1
ODK:369,20211004,1
ODK:376,20211106,1
ODK:376,20211112,1
ODK:379,20211003,1
ODK:379,20211004,1
ODK:394,20210928,1
ODK:394,20211107,1
ODK:395,20210928,1
ODK:395,20211023,1
ODK:395,20211107,1
ODK:397,20211024,1
ODK:397,20211106,1
ODK:398,20211026,1
ODK:398,20211025,1
ODK:398,20211106,1
ODK:399,20210928,1
ODK:399,20211030,1
ODK:399,20211029,1
ODK:399,20211028,1
ODK:399,20211107,1
ODK:400,20210928,1
ODK:400,20211029,1
ODK:400,20211028,1
ODK:400,20211107,1
ODK:402,20211107,1
ODK:402,20211111,1
ODK:402,20211110,1
ODK:402,20211109,1
ODK:402,20211108,1
ODK:423,20211106,1
ODK:423,20211128,1
ODK:425,20211106,1
ODK:425,20211114,1
ODK:446,20211128,1
ODK:446,20211129,1
ODK:450,20211003,1
ODK:450,20211006,1
ODK:450,20211005,1
ODK:450,20211004,1
ODK:476,20211007,1
ODK:476,20211006,1
ODK:476,20211005,1
ODK:476,20211011,1
ODK:508,20211024,1
ODK:508,20211030,1
ODK:508,20211029,1
ODK:508,20211028,1
ODK:508,20211027,1
ODK:551,20211114,1
ODK:551,20211115,1
ODK:566,20211008,1
ODK:566,20211007,1
ODK:566,20211006,1
ODK:566,20211012,1
ODK:598,20210928,1
ODK:598,20211211,1
ODK:601,20211114,1
ODK:601,20211211,1
ODK:603,20211121,1
ODK:603,20211122,1
ODK:603,20211205,1
ODK:603,20211206,1
ODK:624,20210928,1
ODK:624,20211107,1
ODK:624,20211211,1
ODK:625,20211023,1
ODK:625,20211107,1
ODK:626,20211107,1
ODK:626,20211211,1
ODK:640,20211028,1
ODK:640,20211027,1
ODK:640,20211114,1
ODK:640,20211211,1
ODK:642,20210928,1
ODK:642,20211029,1
ODK:642,20211028,1
ODK:642,20211121,1
ODK:642,20211122,1
ODK:642,20211205,1
ODK:642,20211206,1
ODK:643,20211029,1
ODK:643,20211028,1
ODK:643,20211121,1
ODK:643,20211122,1
ODK:643,20211205,1
ODK:643,20211206,1
ODK:710,20211017,1
ODK:710,20211021,1
ODK:710,20211020,1
ODK:710,20211019,1
ODK:710,20211018,1
ODK:714,20211013,1
ODK:714,20211012,1
ODK:714,20211021,1
ODK:715,20211015,1
ODK:715,20211014,1
ODK:715,20211020,1
ODK:715,20211019,1
ODK:715,20211018,1
ODK:774,20211002,1
ODK:774,20211009,1
ODK:774,20211125,1
ODK:774,20211124,1
ODK:774,20211123,1
ODK:774,20211122,1
ODK:774,20211202,1
ODK:774,20211201,1
ODK:774,20211130,1
ODK:774,20211129,1
ODK:776,20211114,1
ODK:776,20211118,1
ODK:776,20211117,1
ODK:776,20211116,1
ODK:776,20211115,1
ODK:815,20211024,1
ODK:815,20211028,1
ODK:815,20211027,1
ODK:815,20211026,1
ODK:815,20211025,1
ODK:816,20211024,1
ODK:816,20211027,1
ODK:816,20211026,1
ODK:816,20211025,1
ODK:888,20211004,1
ODK:888,20211015,1
ODK:888,20211014,1
ODK:888,20211013,1
ODK:888,20211012,1
ODK:897,20211121,1
ODK:897,20211211,1
ODK:904,20211001,1
ODK:904,20211014,1
ODK:904,20211013,1
ODK:904,20211012,1
ODK:904,20211011,1
ODK:907,20211003,1
ODK:907,20211007,1
ODK:907,20211006,1
ODK:907,20211005,1
ODK:907,20211004,1
ODK:909,20211001,1
ODK:909,20211013,1
ODK:909,20211012,1
ODK:909,20211011,1
ODK:910,20211002,1
ODK:910,20211014,1
ODK:918,20211003,1
ODK:918,20211002,1
ODK:918,20211001,1
ODK:918,20211014,1
ODK:918,20211013,1
ODK:918,20211012,1
ODK:918,20211011,1
ODK:919,20211003,1
ODK:919,20211002,1
ODK:919,20211014,1
ODK:919,20211013,1
ODK:919,20211012,1
ODK:919,20211011,1
ODK:920,20211003,1
ODK:920,20211009,1
ODK:925,20211003,1
ODK:925,20211014,1
ODK:925,20211013,1
ODK:925,20211012,1
ODK:925,20211011,1
ODK:932,20211015,1
ODK:932,20211107,1
ODK:954,20210930,1
ODK:954,20210929,1
ODK:954,20210928,1
ODK:954,20211010,1
ODK:964,20211017,1
ODK:964,20211016,1
ODK:964,20211021,1
ODK:964,20211020,1
ODK:964,20211019,1
ODK:964,20211018,1
ODK:969,20211017,1
ODK:969,20211016,1
ODK:969,20211015,1
ODK:969,20211021,1
ODK:969,20211020,1
ODK:969,20211019,1
ODK:969,20211018,1
ODK:970,20211015,1
ODK:970,20211021,1
ODK:970,20211020,1
ODK:970,20211019,1
ODK:970,20211018,1
ODK:1003,20211219,1
ODK:1003,20211222,1
ODK:1003,20211221,1
ODK:1003,20211220,1
ODK:1004,20211219,1
ODK:1004,20211218,1
ODK:1004,20211222,1
ODK:1004,20211221,1
ODK:1004,20211220,1
ODK:1006,20211212,1
ODK:1006,20211216,1
ODK:1006,20211215,1
ODK:1006,20211214,1
ODK:1006,20211213,1
ODK:1007,20211212,1
ODK:1007,20211217,1
ODK:1007,20211216,1
ODK:1007,20211215,1
ODK:1007,20211214,1
ODK:1007,20211213,1
ODK:1020,20211012,1
ODK:1020,20211011,1
ODK:1020,20211021,1
ODK:1020,20211020,1
ODK:1021,20211017,1
ODK:1021,20211016,1
ODK:1021,20211015,1
ODK:1021,20211014,1
ODK:1021,20211013,1
ODK:1021,20211019,1
ODK:1021,20211018,1
ODK:1025,20211003,1
ODK:1025,20211007,1
ODK:1025,20211004,1
ODK:1025,20211017,1
ODK:1025,20211019,1
ODK:1025,20211018,1
ODK:1027,20211028,1
ODK:1027,20211027,1
ODK:1027,20211107,1
ODK:1037,20211016,1
ODK:1037,20211021,1
ODK:1037,20211020,1
ODK:1037,20211019,1
ODK:1037,20211018,1
ODK:1041,20211017,1
ODK:1041,20211015,1
ODK:1041,20211019,1
ODK:1041,20211018,1
ODK:1049,20211013,1
ODK:1049,20211012,1
ODK:1049,20211022,1
ODK:1049,20211021,1
ODK:1051,20211002,1
ODK:1051,20211001,1
ODK:1051,20211014,1
ODK:1051,20211013,1
ODK:1051,20211012,1
ODK:1051,20211011,1
ODK:1057,20211008,1
ODK:1057,20211007,1
ODK:1057,20211006,1
ODK:1057,20211005,1
ODK:1057,20211004,1
ODK:1057,20211024,1
ODK:1066,20211107,1
ODK:1066,20211106,1
ODK:1066,20211108,1
ODK:1152,20211106,1
ODK:1152,20211208,1
ODK:1261,20211017,1
ODK:1261,20211023,1
ODK:1261,20211022,1
ODK:1262,20211017,1
ODK:1262,20211023,1
ODK:1262,20211022,1
ODK:1262,20211021,1
ODK:1262,20211020,1
ODK:1262,20211019,1
ODK:1262,20211018,1
