service_id,monday,tuesday,wednesday,thursday,friday,saturday,sunday,start_date,end_date
ODK:1,1,1,1,1,1,0,0,20210928,20211222
ODK:2,1,1,1,1,0,0,0,20210928,20211222
ODK:3,0,0,0,0,0,0,1,20211003,20211219
ODK:4,0,0,0,0,0,1,1,20211002,20211219
ODK:5,0,1,0,0,1,0,0,20210928,20211221
ODK:6,1,1,1,1,1,1,1,20210928,20211222
ODK:7,1,1,1,1,1,0,0,20210928,20211221
ODK:8,1,0,0,0,0,0,0,20211004,20211220
ODK:9,0,1,1,1,1,0,0,20210928,20211222
ODK:10,1,0,0,0,0,1,0,20211002,20211220
ODK:11,0,0,0,0,0,1,0,20211002,20211218
ODK:12,1,1,1,1,1,0,0,20211025,20211221
ODK:13,1,1,1,1,1,0,0,20210928,20211217
ODK:14,1,1,1,1,1,0,0,20211025,20211222
ODK:17,0,0,0,0,0,0,1,20211024,20211219
ODK:19,0,0,0,0,0,1,0,20211023,20211218
ODK:22,1,1,1,1,1,0,0,20210928,20211222
ODK:23,1,0,0,0,0,0,0,20211004,20211220
ODK:24,0,0,1,0,0,0,0,20210929,20211215
ODK:25,0,0,0,0,1,0,0,20211001,20211217
ODK:26,0,0,0,1,0,0,0,20210930,20211216
ODK:28,0,1,0,1,0,0,0,20210928,20211221
ODK:29,0,0,1,0,1,0,0,20210929,20211217
ODK:30,0,1,0,0,0,0,0,20210928,20211221
ODK:31,0,0,0,0,1,0,0,20211029,20211217
ODK:32,1,0,0,1,0,0,0,20210930,20211220
ODK:33,1,0,0,0,0,0,0,20211025,20211213
ODK:34,1,0,0,0,0,0,0,20211004,20211213
ODK:36,0,1,0,0,0,0,0,20210928,20211214
ODK:37,0,0,1,0,0,0,0,20211027,20211215
ODK:39,0,0,0,0,1,0,0,20211001,20211217
ODK:40,0,0,0,0,1,1,0,20211001,20211120
ODK:41,0,0,0,0,1,1,0,20211001,20211218
ODK:42,0,0,0,0,1,1,0,20211105,20211218
ODK:43,1,0,1,0,1,0,0,20210929,20211220
ODK:44,1,1,0,1,0,0,0,20210928,20211220
ODK:47,0,1,0,1,0,0,0,20210928,20211216
ODK:52,1,0,1,1,1,0,0,20210929,20211220
ODK:53,1,1,1,1,1,0,0,20210928,20211220
ODK:55,1,1,1,1,1,0,0,20210928,20211210
ODK:59,1,1,1,1,0,0,0,20210928,20211216
ODK:60,1,1,1,1,1,0,0,20210928,20211216
ODK:61,1,0,1,1,0,0,0,20210929,20211216
ODK:62,1,1,0,0,1,0,0,20211025,20211217
ODK:63,1,0,0,0,1,0,0,20211001,20211213
ODK:64,1,0,1,1,0,0,0,20211025,20211216
ODK:66,1,1,1,1,1,0,0,20210928,20211216
ODK:68,0,1,0,0,0,0,0,20211026,20211214
ODK:69,0,1,1,1,1,0,0,20210928,20211216
ODK:71,1,0,1,0,1,0,0,20211025,20211215
ODK:72,1,1,1,1,1,0,0,20211025,20211216
ODK:73,1,0,1,0,0,0,0,20211025,20211215
ODK:76,0,0,0,1,1,0,0,20210930,20211217
ODK:77,1,0,0,0,1,0,0,20211001,20211217
ODK:78,1,0,1,0,0,0,0,20210929,20211215
ODK:79,1,0,1,0,1,0,0,20210929,20211217
ODK:80,0,1,1,1,1,0,0,20210928,20211217
ODK:81,0,0,1,1,1,0,0,20210929,20211216
ODK:82,1,1,0,1,1,0,0,20210928,20211216
ODK:84,1,1,0,1,1,0,0,20211025,20211216
ODK:87,1,1,1,1,0,0,0,20210928,20211216
ODK:88,0,0,0,0,1,0,0,20211001,20211210
ODK:89,1,0,1,1,1,0,0,20210929,20211216
ODK:90,1,1,1,1,0,0,0,20210928,20211221
ODK:91,1,0,1,1,0,0,0,20210929,20211220
ODK:92,0,1,1,0,1,0,0,20210928,20211221
ODK:93,1,0,0,0,1,0,0,20211001,20211220
ODK:94,0,1,1,1,0,0,0,20210928,20211221
ODK:95,0,1,0,1,1,0,0,20210928,20211221
ODK:96,0,1,1,1,1,0,0,20210928,20211221
ODK:97,0,1,0,1,1,0,0,20210928,20211221
ODK:98,0,1,1,1,0,0,0,20210928,20211221
ODK:99,1,0,0,1,1,0,0,20210930,20211220
ODK:100,0,1,0,0,1,0,0,20210928,20211217
ODK:101,0,1,0,1,1,0,0,20210928,20211221
ODK:102,0,0,0,1,0,0,0,20210930,20211216
ODK:103,1,1,1,1,1,0,0,20211025,20211217
ODK:105,1,1,1,1,1,0,0,20210928,20211130
ODK:107,1,0,0,1,0,0,0,20210930,20211129
ODK:108,1,1,0,1,0,0,0,20211025,20211221
ODK:109,0,0,1,0,1,0,0,20211027,20211217
ODK:110,1,0,0,1,0,0,0,20211025,20211220
ODK:114,0,1,0,0,0,0,0,20211026,20211221
ODK:118,0,0,1,1,0,0,0,20210929,20211216
ODK:120,1,1,1,1,1,0,0,20211025,20211220
ODK:122,1,1,1,1,1,0,0,20210928,20211220
ODK:123,1,0,1,0,1,0,0,20210929,20211220
ODK:124,1,0,1,0,1,0,0,20211025,20211220
ODK:126,1,1,0,0,0,0,0,20210928,20211221
ODK:127,1,1,0,0,1,0,0,20210928,20211221
ODK:128,0,0,0,0,0,1,0,20211030,20211218
ODK:131,0,0,0,0,0,0,1,20211031,20211219
ODK:132,0,1,0,0,0,0,0,20210928,20211214
ODK:133,1,1,1,1,1,0,0,20210928,20211217
ODK:136,1,1,1,1,1,0,0,20210928,20211210
ODK:137,0,0,0,0,1,0,0,20211001,20211217
ODK:173,0,0,1,0,0,0,0,20210929,20211222
ODK:200,0,0,0,0,1,1,1,20211001,20211219
ODK:201,1,1,1,1,1,0,0,20210928,20211221
ODK:202,0,0,0,0,1,1,1,20211001,20211219
ODK:203,0,0,0,1,0,0,0,20210930,20211216
ODK:205,0,0,0,0,1,0,0,20211105,20211210
ODK:206,0,1,1,1,0,0,0,20211102,20211209
ODK:207,1,0,0,0,0,0,0,20211101,20211206
ODK:222,0,0,0,0,0,1,0,20211106,20211211
ODK:249,1,1,1,1,1,0,0,20211101,20211210
ODK:250,1,1,1,1,1,1,1,20210928,20211222
ODK:251,1,1,1,1,1,1,1,20210928,20211219
ODK:253,1,1,1,1,1,1,0,20210928,20211222
ODK:254,1,1,1,1,1,1,0,20210928,20211211
ODK:255,0,0,0,0,0,1,0,20211002,20211211
ODK:256,0,0,0,0,0,1,1,20211002,20211211
ODK:258,1,1,1,1,1,0,0,20211004,20211222
ODK:259,1,1,1,1,1,0,0,20210928,20211222
ODK:260,0,0,0,0,0,1,1,20211002,20211219
ODK:261,0,0,0,0,0,0,1,20211003,20211205
ODK:262,0,0,0,0,0,1,0,20211002,20211211
ODK:264,1,1,1,1,1,0,0,20210928,20211222
ODK:265,1,1,1,1,1,0,0,20210928,20211210
ODK:266,1,1,1,1,1,0,0,20211001,20211210
ODK:267,0,0,0,0,0,1,0,20211002,20211219
ODK:268,0,0,0,0,0,1,0,20211002,20211219
ODK:269,1,1,1,1,1,0,0,20210928,20211210
ODK:270,0,0,0,0,0,0,1,20211003,20211219
ODK:273,0,0,0,0,0,1,1,20211002,20211211
ODK:274,1,1,1,1,1,0,0,20210928,20211210
ODK:277,0,0,0,0,1,0,0,20211001,20211210
ODK:278,0,0,0,0,0,1,0,20211002,20211211
ODK:279,1,1,1,1,1,0,0,20210928,20211222
ODK:280,0,0,0,0,0,1,1,20211002,20211211
ODK:281,1,1,1,1,1,1,1,20211101,20211211
ODK:287,0,0,0,0,0,1,1,20211106,20211211
ODK:289,1,1,1,1,1,1,0,20211101,20211211
ODK:291,0,0,0,0,1,1,1,20211105,20211211
ODK:295,1,1,1,1,1,1,1,20210928,20211211
ODK:296,0,0,0,0,0,1,1,20211009,20211211
ODK:297,1,1,1,1,1,0,0,20210928,20211222
ODK:298,1,1,1,1,1,0,0,20210928,20211217
ODK:299,1,1,1,1,1,0,0,20210928,20211222
ODK:302,1,1,1,1,0,0,0,20210928,20211209
ODK:304,1,1,1,1,1,0,0,20210928,20211210
ODK:305,0,0,0,0,0,1,1,20211002,20211211
ODK:312,1,1,1,1,0,0,0,20211101,20211209
ODK:316,1,1,1,1,0,0,0,20210928,20211222
ODK:318,1,1,1,1,1,1,1,20210928,20211211
ODK:334,1,1,1,1,1,1,1,20211002,20211112
ODK:413,1,1,1,1,1,0,0,20210928,20211112
ODK:428,1,1,1,1,1,0,1,20210928,20211114
ODK:430,1,1,1,1,1,1,1,20210928,20211114
ODK:432,1,1,1,1,1,0,0,20211004,20211122
ODK:434,1,1,1,1,1,0,0,20210928,20211222
ODK:436,1,1,1,1,1,0,0,20210928,20211222
ODK:437,1,1,1,1,1,0,0,20210928,20211210
ODK:438,1,1,1,1,1,1,1,20210928,20211211
ODK:442,1,1,1,1,1,1,1,20210928,20211211
ODK:449,1,1,1,1,1,0,0,20210928,20211210
ODK:451,1,1,1,1,1,1,1,20210928,20211211
ODK:452,0,0,0,0,1,0,0,20211001,20211112
ODK:453,1,1,1,1,0,1,1,20210928,20211114
ODK:454,0,0,0,0,0,1,0,20211002,20211211
ODK:455,1,1,1,1,1,0,1,20210928,20211210
ODK:459,1,1,1,1,1,1,0,20210928,20211113
ODK:460,1,1,1,1,1,1,1,20210928,20211211
ODK:461,1,1,1,1,1,1,1,20210928,20211211
ODK:463,0,0,0,0,0,0,1,20211003,20211205
ODK:464,1,1,1,1,1,1,0,20210928,20211211
ODK:465,0,0,0,0,1,0,1,20211001,20211210
ODK:466,1,1,1,1,0,1,0,20210928,20211211
ODK:467,1,0,0,0,0,0,0,20211004,20211206
ODK:468,0,1,1,1,1,0,0,20210928,20211210
ODK:470,0,0,0,0,0,1,1,20211002,20211114
ODK:471,1,1,1,1,1,0,0,20210928,20211112
ODK:472,1,1,1,1,1,0,0,20210929,20211112
ODK:473,0,0,0,0,0,0,1,20211003,20211114
ODK:474,1,1,1,1,1,0,0,20210929,20211210
ODK:475,1,1,1,1,1,0,1,20210928,20211112
ODK:477,0,0,0,0,1,1,1,20211001,20211114
ODK:478,1,1,1,1,0,0,0,20210928,20211111
ODK:479,1,1,1,1,1,1,1,20210928,20211114
ODK:480,1,1,1,1,1,1,0,20210928,20211113
ODK:481,1,1,1,1,1,0,1,20210928,20211114
ODK:482,1,1,1,1,1,0,1,20210928,20211114
ODK:483,0,0,0,0,1,1,0,20211001,20211113
ODK:484,1,1,1,1,0,0,1,20210928,20211114
ODK:485,1,1,1,1,1,1,0,20210928,20211113
ODK:486,0,0,0,0,1,1,1,20211001,20211114
ODK:487,1,1,1,1,0,0,0,20210928,20211111
ODK:488,1,1,1,1,1,1,1,20210929,20211210
ODK:506,0,0,0,0,1,1,0,20211001,20211211
ODK:507,1,1,1,1,0,0,1,20210928,20211209
ODK:510,1,1,1,1,1,1,0,20211001,20211211
ODK:512,1,1,1,1,1,1,1,20210928,20211211
ODK:513,1,1,1,1,0,1,1,20210928,20211211
ODK:514,1,1,1,1,1,1,1,20210928,20211211
ODK:515,1,1,1,1,1,0,1,20210928,20211210
ODK:516,0,0,0,0,0,1,0,20211002,20211211
ODK:517,0,0,0,0,0,1,1,20211002,20211211
ODK:518,0,0,0,0,0,0,1,20211003,20211205
ODK:519,0,0,0,0,0,0,1,20211003,20211205
ODK:520,0,0,0,0,0,1,1,20211002,20211204
ODK:521,0,0,0,0,0,1,1,20211002,20211211
ODK:522,0,0,0,0,0,0,1,20211003,20211205
ODK:523,0,0,0,0,0,1,1,20211002,20211204
ODK:524,1,1,1,1,1,1,1,20210928,20211211
ODK:526,1,1,1,1,1,1,1,20210928,20211211
ODK:527,0,0,0,0,0,1,1,20211002,20211211
ODK:528,0,0,0,0,0,1,1,20211002,20211211
ODK:529,1,1,1,1,1,0,0,20210928,20211210
ODK:530,1,1,1,1,1,0,1,20210928,20211114
ODK:531,1,1,1,1,1,1,1,20210928,20211211
ODK:532,0,0,0,0,0,1,1,20211002,20211114
ODK:533,0,0,0,0,0,1,1,20211002,20211211
ODK:534,1,1,1,1,1,1,1,20210928,20211114
ODK:535,0,0,0,0,0,0,1,20211003,20211205
ODK:536,1,1,1,1,1,1,1,20210928,20211211
ODK:537,1,1,1,1,1,1,1,20210928,20211114
ODK:538,0,0,0,0,1,0,1,20211001,20211210
ODK:539,0,0,0,0,0,1,1,20211002,20211114
ODK:540,1,1,1,1,1,1,0,20210928,20211112
ODK:541,0,0,0,0,0,1,0,20211002,20211211
ODK:542,1,1,1,1,0,0,1,20210928,20211209
ODK:543,0,0,0,0,1,1,0,20211001,20211211
ODK:546,1,1,1,1,0,1,1,20210928,20211111
ODK:547,0,0,0,0,0,1,1,20211002,20211211
ODK:548,0,0,0,0,1,0,0,20211001,20211210
ODK:549,1,1,1,1,0,0,0,20210928,20211209
ODK:552,1,1,1,1,1,1,0,20210928,20211113
ODK:553,1,1,1,1,1,0,1,20210928,20211210
ODK:554,0,0,0,0,0,1,0,20211002,20211113
ODK:555,1,1,1,1,1,1,0,20210928,20211211
ODK:557,1,1,1,1,0,1,0,20210928,20211211
ODK:558,1,1,1,1,1,0,0,20210929,20211112
ODK:559,0,0,0,0,1,0,0,20211001,20211112
ODK:560,1,1,1,1,0,0,0,20210929,20211111
ODK:561,1,1,1,1,1,1,1,20210928,20211211
ODK:562,1,1,1,1,1,1,1,20210928,20211211
ODK:563,1,1,1,1,1,1,1,20210928,20211211
ODK:565,1,1,1,1,1,1,1,20210928,20211211
ODK:570,1,1,1,1,1,1,0,20210929,20211211
ODK:571,1,1,1,1,1,1,1,20211001,20211211
ODK:574,1,1,1,1,1,1,1,20210928,20211211
ODK:575,1,1,1,1,1,1,1,20210928,20211211
ODK:577,1,1,1,1,1,1,1,20210929,20211211
ODK:581,1,1,1,1,1,0,1,20210928,20211112
ODK:582,0,0,0,0,0,1,1,20211002,20211211
ODK:583,0,0,0,0,0,0,1,20211003,20211126
ODK:584,1,1,1,1,1,1,0,20210928,20211211
ODK:586,1,1,1,1,1,1,1,20210928,20211210
ODK:587,1,1,1,1,1,1,1,20210928,20211211
ODK:588,1,1,1,1,0,1,1,20210928,20211211
ODK:589,0,0,0,0,0,1,1,20211002,20211211
ODK:590,1,1,1,1,1,0,0,20210928,20211210
ODK:591,0,0,0,0,0,1,1,20211002,20211211
ODK:592,0,0,0,0,0,1,1,20211002,20211211
ODK:594,0,0,0,0,0,1,1,20211002,20211113
ODK:595,0,0,0,0,0,0,1,20211003,20211114
ODK:596,0,0,0,0,0,0,1,20211003,20211128
ODK:605,0,0,0,0,0,1,1,20211002,20211211
ODK:607,1,1,1,1,1,1,1,20210928,20211211
ODK:608,1,1,1,1,1,1,1,20210928,20211211
ODK:609,1,1,1,1,1,1,1,20210928,20211211
ODK:611,0,0,0,0,1,1,0,20211001,20211211
ODK:612,1,1,1,1,0,0,1,20210928,20211209
ODK:613,1,1,1,1,0,0,1,20211003,20211209
ODK:614,1,1,1,1,0,0,1,20211003,20211209
ODK:615,1,1,1,1,0,0,1,20211003,20211209
ODK:616,1,1,1,1,0,0,1,20211003,20211209
ODK:618,1,1,1,1,1,1,1,20211002,20211211
ODK:619,1,1,1,1,1,0,0,20211004,20211210
ODK:620,0,0,0,0,0,1,1,20211002,20211211
ODK:621,1,1,1,1,1,0,0,20211004,20211210
ODK:622,1,1,1,1,0,0,1,20211003,20211209
ODK:623,1,1,1,1,0,0,1,20211003,20211209
ODK:628,1,1,1,1,1,0,0,20210928,20211210
ODK:629,1,1,1,1,1,0,0,20211011,20211210
ODK:631,1,1,1,1,1,0,0,20211015,20211210
ODK:632,1,1,1,1,1,0,0,20211025,20211210
ODK:633,1,1,1,1,1,0,0,20211015,20211210
ODK:634,1,1,1,1,1,0,0,20211004,20211210
ODK:644,1,1,1,1,1,1,1,20211001,20211211
ODK:645,0,0,0,0,0,1,1,20211009,20211211
ODK:646,0,0,0,0,1,1,0,20211001,20211210
ODK:648,1,1,1,1,1,1,1,20210930,20211211
ODK:649,1,1,1,1,1,1,1,20210929,20211211
ODK:652,1,1,1,1,1,1,1,20210929,20211211
ODK:653,1,1,1,1,1,0,1,20210929,20211210
ODK:654,1,1,1,1,1,1,1,20210929,20211211
ODK:655,1,1,1,1,1,0,1,20210928,20211114
ODK:656,0,0,0,0,0,0,1,20211003,20211205
ODK:657,1,1,1,1,1,1,1,20210928,20211211
ODK:658,0,0,0,0,0,1,1,20211002,20211114
ODK:659,1,1,1,1,1,1,1,20210929,20211211
ODK:660,0,0,0,0,0,1,1,20211002,20211211
ODK:662,1,1,1,1,1,0,1,20210929,20211210
ODK:663,1,1,1,1,1,1,1,20210928,20211114
ODK:664,0,0,0,0,0,0,1,20211003,20211205
ODK:665,1,1,1,1,1,1,1,20210928,20211211
ODK:667,1,1,1,1,1,1,1,20210928,20211114
ODK:668,0,0,0,0,1,0,1,20211001,20211210
ODK:669,1,1,1,1,1,1,1,20210929,20211211
ODK:670,0,0,0,0,0,1,1,20211002,20211114
ODK:671,1,1,1,1,1,0,1,20210928,20211210
ODK:672,0,0,0,0,0,0,1,20211003,20211128
ODK:673,1,1,1,1,1,1,0,20211001,20211211
ODK:674,1,1,1,1,1,1,1,20210928,20211210
ODK:677,1,1,1,1,1,0,1,20210928,20211112
ODK:679,0,0,0,0,1,1,0,20211001,20211210
ODK:680,1,1,1,1,0,0,1,20210928,20211209
ODK:681,0,0,0,0,0,0,1,20211003,20211205
ODK:682,0,0,0,0,0,1,0,20211002,20211211
ODK:683,0,0,0,0,0,0,1,20211003,20211114
ODK:684,0,0,0,0,0,1,0,20211002,20211113
ODK:685,0,0,0,0,0,0,1,20211003,20211128
ODK:686,1,1,1,1,1,0,0,20211015,20211222
ODK:688,1,1,1,1,1,0,0,20211025,20211222
ODK:689,1,1,1,1,1,1,1,20211025,20211211
ODK:690,0,0,0,0,0,1,1,20211030,20211219
ODK:691,0,0,0,0,0,1,1,20211002,20211211
ODK:692,1,1,1,1,1,1,1,20211025,20211222
ODK:693,1,1,1,1,1,1,1,20211025,20211211
ODK:694,1,1,1,1,1,1,1,20211025,20211222
ODK:695,1,1,1,1,1,1,1,20210928,20211222
ODK:698,1,1,1,1,0,0,1,20211025,20211209
ODK:700,0,0,0,0,1,1,0,20211029,20211211
ODK:701,1,1,1,1,1,1,1,20211001,20211222
ODK:722,1,1,1,1,1,0,1,20211025,20211210
ODK:723,1,1,1,1,1,0,0,20210928,20211203
ODK:724,1,1,1,1,1,1,1,20210928,20211205
ODK:725,0,0,0,0,1,1,0,20211001,20211204
ODK:726,0,0,0,0,0,1,1,20211002,20211205
ODK:731,1,1,1,1,0,0,0,20210928,20211202
ODK:733,1,1,1,1,1,0,0,20210928,20211210
ODK:735,1,1,1,1,1,1,1,20211001,20211212
ODK:737,1,1,1,1,1,1,1,20211001,20211212
ODK:738,0,0,0,0,1,1,0,20211001,20211211
ODK:739,0,0,0,0,0,1,1,20211002,20211212
ODK:740,1,1,1,1,1,1,1,20210928,20211212
ODK:741,1,1,1,1,1,1,1,20210928,20211212
ODK:742,1,1,1,1,1,1,1,20211001,20211212
ODK:745,1,1,1,1,0,0,1,20210928,20211212
ODK:748,0,0,0,0,0,0,1,20211003,20211212
ODK:749,0,0,0,0,0,1,1,20211002,20211212
ODK:750,0,0,0,0,0,1,1,20211002,20211212
ODK:751,1,1,1,1,0,0,0,20211011,20211209
ODK:752,0,0,0,0,1,1,0,20211001,20211212
ODK:753,1,1,1,1,0,0,1,20211107,20211212
ODK:754,0,0,0,0,0,1,0,20211002,20211211
ODK:755,0,0,0,0,0,0,1,20211003,20211212
ODK:756,0,0,0,0,0,0,1,20211017,20211212
ODK:759,0,0,0,0,1,1,0,20211015,20211212
ODK:760,0,0,0,0,1,1,0,20211015,20211211
ODK:761,0,0,0,0,0,1,1,20211016,20211212
ODK:762,0,0,0,0,0,1,1,20211016,20211212
ODK:763,1,1,1,1,1,1,1,20210928,20211212
ODK:764,1,1,1,1,1,1,1,20210928,20211212
ODK:765,1,1,1,1,1,1,0,20210928,20211212
ODK:767,1,1,1,1,0,0,1,20210928,20211212
ODK:769,1,1,1,1,1,1,0,20210928,20211211
ODK:770,1,1,1,1,1,1,0,20210928,20211211
ODK:771,0,0,0,0,1,0,0,20211001,20211210
ODK:772,0,0,0,0,1,0,0,20211015,20211210
ODK:780,0,0,0,0,1,1,0,20211015,20211212
ODK:781,1,1,1,1,1,1,0,20210928,20211212
ODK:782,0,0,0,0,1,1,0,20211015,20211212
ODK:783,0,0,0,0,1,1,0,20211015,20211212
ODK:787,0,0,0,0,0,1,1,20211016,20211212
ODK:789,0,0,0,0,1,1,0,20211001,20211211
ODK:790,0,0,0,0,1,0,0,20210928,20211210
ODK:794,1,1,1,1,1,1,1,20210928,20211212
ODK:796,0,0,0,0,1,1,0,20211001,20211211
ODK:798,0,0,0,0,1,1,1,20211001,20211212
ODK:799,1,1,1,1,0,0,1,20210928,20211212
ODK:800,0,0,0,0,0,1,1,20211002,20211212
ODK:801,0,0,0,0,1,1,0,20211001,20211211
ODK:802,0,0,0,0,0,1,1,20211016,20211211
ODK:803,1,1,1,1,1,0,0,20211015,20211210
ODK:804,0,0,0,0,1,0,0,20211015,20211210
ODK:805,1,1,1,1,0,0,0,20211018,20211209
ODK:806,0,0,0,0,0,1,0,20211016,20211211
ODK:807,0,0,0,0,1,1,0,20211015,20211211
ODK:808,1,1,1,1,1,1,1,20211015,20211211
ODK:809,1,1,1,1,1,0,0,20211015,20211210
ODK:810,1,1,1,1,1,1,0,20211015,20211210
ODK:811,1,1,1,1,1,0,1,20211015,20211211
ODK:812,0,0,0,0,1,1,0,20211015,20211211
ODK:813,1,1,1,1,0,0,1,20211017,20211209
ODK:814,1,1,1,1,0,0,1,20211017,20211209
ODK:818,1,1,1,1,1,1,1,20211015,20211211
ODK:819,1,1,1,1,1,1,1,20211015,20211211
ODK:820,1,1,1,1,1,0,0,20211018,20211210
ODK:823,1,1,1,1,1,0,0,20210928,20211222
ODK:824,1,1,1,1,1,1,1,20210928,20211222
ODK:825,1,1,1,1,1,1,1,20211002,20211222
ODK:826,1,1,1,1,0,0,1,20210928,20211209
ODK:827,0,0,0,0,1,1,0,20211001,20211211
ODK:828,1,1,1,1,0,0,1,20210928,20211209
ODK:829,0,0,0,0,1,1,0,20211001,20211211
ODK:831,1,1,1,1,1,0,0,20210928,20211210
ODK:832,0,0,0,0,0,1,1,20211002,20211211
ODK:833,1,1,1,1,1,1,1,20210928,20211211
ODK:834,1,1,1,1,1,1,1,20211002,20211112
ODK:835,1,1,1,1,1,1,1,20210928,20211211
ODK:836,1,1,1,1,1,1,1,20211001,20211112
ODK:837,1,1,1,1,1,1,1,20210928,20211211
ODK:838,1,1,1,1,1,1,1,20210928,20211211
ODK:839,1,1,1,1,1,1,1,20210928,20211211
ODK:840,1,1,1,1,1,1,1,20210928,20211211
ODK:841,1,1,1,1,1,1,1,20211015,20211222
ODK:842,1,1,1,1,1,1,1,20210928,20211211
ODK:843,1,1,1,1,1,1,1,20210928,20211222
ODK:844,1,1,1,1,0,0,1,20210928,20211209
ODK:845,0,0,0,0,0,1,1,20211030,20211211
ODK:846,1,1,1,1,1,1,1,20211025,20211211
ODK:850,1,1,1,1,1,0,1,20211015,20211211
ODK:851,0,0,0,0,0,0,1,20211017,20211205
ODK:852,0,0,0,0,1,0,0,20211015,20211211
ODK:853,1,1,1,1,0,0,1,20211017,20211209
ODK:854,1,1,1,1,1,0,0,20211018,20211210
ODK:855,1,1,1,1,1,1,1,20211015,20211211
ODK:861,1,1,1,1,1,1,1,20211015,20211210
ODK:862,1,1,1,1,1,0,0,20211015,20211210
ODK:865,1,1,1,1,1,1,1,20211015,20211211
ODK:866,0,0,0,0,1,1,0,20211015,20211211
ODK:890,0,0,0,0,0,1,0,20211009,20211113
ODK:931,1,1,1,1,1,1,1,20210928,20211211
ODK:933,1,1,1,1,1,1,1,20210928,20211211
ODK:934,0,0,0,0,0,1,1,20211002,20211211
ODK:935,1,1,1,1,0,0,0,20210928,20211209
ODK:936,0,0,0,0,1,0,0,20211001,20211210
ODK:937,0,0,0,0,0,1,1,20211002,20211211
ODK:938,1,1,1,1,1,1,1,20210928,20211211
ODK:939,1,1,1,1,1,1,1,20210928,20211211
ODK:940,1,1,1,1,1,1,1,20210928,20211211
ODK:941,1,1,1,1,0,0,1,20210928,20211209
ODK:942,0,0,0,0,1,1,0,20211001,20211211
ODK:943,1,1,1,1,1,0,0,20210928,20211210
ODK:944,1,1,1,1,1,1,1,20210928,20211211
ODK:945,1,1,1,1,1,1,1,20210928,20211211
ODK:946,1,1,1,1,0,1,1,20210928,20211211
ODK:947,0,0,0,0,1,0,0,20211008,20211210
ODK:948,1,1,1,1,1,1,0,20211002,20211211
ODK:950,1,1,1,1,1,1,1,20210928,20211211
ODK:953,1,1,1,1,1,1,1,20210928,20211211
ODK:955,1,1,1,1,1,1,1,20211002,20211211
ODK:958,1,1,1,1,1,1,1,20211028,20211211
ODK:963,1,1,1,1,1,1,1,20211025,20211211
ODK:965,1,1,1,1,0,1,1,20211025,20211211
ODK:966,0,0,0,0,1,0,0,20211029,20211210
ODK:967,1,1,1,1,1,1,1,20211025,20211211
ODK:971,0,0,0,0,1,1,0,20211015,20211211
ODK:986,0,0,0,0,0,1,1,20211002,20211211
ODK:987,1,1,1,1,1,0,0,20210928,20211210
ODK:989,0,0,0,0,0,1,1,20211023,20211211
ODK:990,0,0,0,0,0,1,1,20211030,20211211
ODK:991,1,1,1,1,1,0,0,20210928,20211210
ODK:993,1,1,1,1,1,1,1,20210928,20211211
ODK:995,1,1,1,1,0,0,1,20210928,20211209
ODK:998,1,1,1,1,1,1,1,20210928,20211211
ODK:1005,1,1,1,1,1,0,0,20211026,20211210
ODK:1008,0,0,0,0,0,1,1,20211016,20211211
ODK:1009,0,0,0,0,1,1,1,20211015,20211211
ODK:1012,1,1,1,1,1,0,0,20210928,20211210
ODK:1013,1,1,1,1,1,0,0,20210928,20211210
ODK:1014,0,0,0,0,0,0,1,20211003,20211205
ODK:1015,0,0,0,0,0,1,0,20211002,20211211
ODK:1016,0,0,0,0,0,1,1,20210928,20211211
ODK:1017,1,1,1,1,1,0,0,20210928,20211210
ODK:1018,1,1,1,1,1,1,1,20210928,20211211
ODK:1019,1,1,1,1,1,1,1,20210928,20211211
ODK:1024,1,1,1,1,0,0,1,20211025,20211209
ODK:1028,1,1,1,1,1,1,1,20210928,20211211
ODK:1032,0,0,0,0,1,1,0,20211001,20211211
ODK:1034,0,0,0,0,0,1,1,20211030,20211211
ODK:1040,1,1,1,1,1,1,1,20211027,20211211
ODK:1042,1,1,1,1,0,0,1,20211031,20211209
ODK:1043,0,0,0,0,1,1,0,20211029,20211211
ODK:1044,0,0,0,0,1,1,0,20211029,20211211
ODK:1045,1,1,1,1,0,0,1,20211025,20211209
ODK:1046,1,1,1,1,1,1,1,20211025,20211211
ODK:1067,1,1,1,1,1,0,0,20210928,20211222
ODK:1068,0,0,1,0,1,0,0,20210929,20211222
ODK:1069,1,1,0,1,0,0,0,20210928,20211221
ODK:1070,0,1,0,0,1,0,0,20210928,20211214
ODK:1071,0,1,1,1,0,0,0,20210928,20211216
ODK:1073,1,1,0,1,1,1,1,20210928,20211221
ODK:1075,0,1,0,1,1,0,1,20210928,20211221
ODK:1076,0,0,1,0,0,0,0,20210929,20211222
ODK:1077,1,1,1,1,1,1,1,20211001,20211222
ODK:1078,0,1,0,1,1,0,1,20211001,20211221
ODK:1079,1,1,1,1,1,0,0,20211001,20211217
ODK:1080,1,1,1,1,1,0,0,20211001,20211222
ODK:1082,0,0,1,1,1,0,0,20210929,20211217
ODK:1083,1,1,0,1,1,0,0,20210928,20211217
ODK:1084,1,1,0,0,1,0,0,20210928,20211217
ODK:1085,1,1,0,1,0,0,0,20210928,20211216
ODK:1086,1,0,1,1,1,0,0,20210929,20211217
ODK:1087,1,1,0,0,0,0,0,20210928,20211214
ODK:1088,1,1,1,1,0,0,1,20210928,20211222
ODK:1089,1,0,1,0,1,0,0,20210929,20211215
ODK:1090,1,0,0,0,1,0,0,20211001,20211213
ODK:1091,1,1,1,1,1,1,0,20210928,20211222
ODK:1092,1,1,1,1,1,0,0,20211101,20211222
ODK:1093,0,0,0,0,0,1,1,20211106,20211219
ODK:1095,1,1,1,1,0,0,0,20210928,20211222
ODK:1097,1,1,1,1,1,0,0,20210928,20211222
ODK:1098,0,0,0,0,0,1,0,20211002,20211218
ODK:1099,0,0,0,0,1,0,0,20211001,20211217
ODK:1101,0,0,1,1,0,0,0,20211006,20211118
ODK:1102,0,1,1,0,1,0,0,20210928,20211217
ODK:1103,0,0,0,0,0,1,0,20211106,20211218
ODK:1104,0,0,0,0,1,0,0,20211105,20211217
ODK:1106,1,0,1,1,1,0,0,20210929,20211221
ODK:1108,1,1,1,1,1,0,0,20210928,20211220
ODK:1109,1,1,0,1,1,0,0,20210928,20211220
ODK:1110,1,0,1,0,0,0,0,20210929,20211220
ODK:1111,1,1,0,1,0,0,0,20210928,20211221
ODK:1112,0,1,0,0,1,0,0,20210928,20211221
ODK:1113,1,1,0,1,1,0,0,20210928,20211221
ODK:1114,0,1,1,0,0,0,0,20210928,20211221
ODK:1115,1,0,1,0,1,0,0,20210929,20211222
ODK:1116,1,1,1,1,1,0,0,20211004,20211217
ODK:1117,0,0,0,0,0,1,1,20211002,20211219
ODK:1118,0,1,1,1,1,0,0,20210928,20211222
ODK:1119,1,1,1,1,1,0,0,20210928,20211126
ODK:1120,1,1,1,1,1,0,0,20210928,20211126
ODK:1121,0,0,0,0,0,0,1,20211003,20211121
ODK:1122,0,0,0,0,0,1,0,20211002,20211127
ODK:1123,0,0,0,0,1,0,0,20211001,20211126
ODK:1124,1,1,1,1,0,0,0,20210928,20211125
ODK:1126,1,0,1,1,0,0,0,20210929,20211125
ODK:1127,1,1,0,0,1,0,0,20210928,20211126
ODK:1128,1,1,1,1,1,0,0,20210928,20211126
ODK:1129,1,1,0,1,1,0,0,20210928,20211126
ODK:1130,0,0,1,0,0,0,0,20210929,20211124
ODK:1131,0,1,0,1,1,0,0,20210928,20211126
ODK:1132,1,1,1,0,0,0,0,20210928,20211124
ODK:1134,1,1,0,0,1,0,0,20210928,20211126
ODK:1135,1,0,0,0,0,0,0,20211004,20211122
ODK:1136,1,0,0,0,1,0,0,20211001,20211126
ODK:1137,1,0,1,0,1,0,0,20210929,20211126
ODK:1138,0,1,0,1,0,0,0,20210928,20211125
ODK:1139,0,1,0,0,1,0,0,20210928,20211126
ODK:1140,0,1,0,0,0,0,0,20210928,20211123
ODK:1141,1,1,0,0,0,0,0,20210928,20211123
ODK:1142,0,1,1,1,0,0,0,20210928,20211125
ODK:1143,0,0,0,1,0,0,0,20210930,20211125
ODK:1144,1,0,0,1,0,0,0,20210930,20211125
ODK:1145,1,0,1,0,0,0,0,20210929,20211124
ODK:1146,1,1,1,1,1,1,0,20210928,20211127
ODK:1147,1,1,1,1,0,0,0,20210928,20211125
ODK:1148,0,0,0,0,1,0,0,20211001,20211126
ODK:1149,1,1,1,1,1,0,1,20210928,20211210
ODK:1150,0,1,0,0,1,0,0,20210928,20211220
ODK:1153,0,0,0,0,1,0,0,20211001,20211220
ODK:1155,1,1,1,1,1,0,0,20210928,20211210
ODK:1156,0,0,0,0,0,1,0,20211009,20211211
ODK:1157,0,0,0,0,0,0,1,20211010,20211205
ODK:1158,1,1,1,1,1,0,0,20211001,20211210
ODK:1159,1,1,1,1,1,0,0,20211001,20211210
ODK:1160,0,0,0,0,0,1,1,20211030,20211219
ODK:1162,1,1,1,1,1,1,0,20211016,20211211
ODK:1164,0,0,0,0,0,1,1,20211023,20211211
ODK:1168,0,0,0,0,1,0,0,20211008,20211210
ODK:1169,1,1,1,1,1,0,0,20210930,20211210
ODK:1170,0,0,0,1,0,0,0,20210930,20211209
ODK:1171,0,0,0,0,0,1,0,20211030,20211211
ODK:1172,0,0,0,0,0,0,1,20211031,20211205
ODK:1176,1,1,1,1,1,0,1,20210928,20211222
ODK:1177,1,1,0,1,1,0,0,20210928,20211210
ODK:1178,0,0,1,0,0,0,0,20210929,20211208
ODK:1180,0,1,0,1,0,0,0,20210928,20211209
ODK:1182,1,0,1,0,1,0,0,20210929,20211210
ODK:1184,0,0,0,1,0,0,0,20210930,20211209
ODK:1186,0,1,0,0,0,0,0,20210928,20211207
ODK:1187,1,1,1,1,1,0,0,20210928,20211222
ODK:1188,1,1,1,1,1,0,0,20211102,20211210
ODK:1190,0,0,0,1,1,0,0,20210930,20211210
ODK:1193,1,1,1,1,1,0,0,20210928,20211201
ODK:1194,1,1,1,1,1,0,1,20210928,20211219
ODK:1195,1,1,1,1,1,0,0,20210928,20211218
ODK:1196,0,0,0,0,0,1,0,20211002,20211211
ODK:1197,1,1,1,1,0,0,0,20210928,20211209
ODK:1199,0,1,0,1,0,0,0,20210928,20211209
ODK:1200,0,0,0,0,1,0,0,20211001,20211210
ODK:1201,0,0,0,0,0,0,1,20211003,20211222
ODK:1204,1,1,1,1,1,0,0,20210928,20211201
ODK:1206,0,0,0,0,0,0,1,20211003,20211128
ODK:1207,1,1,1,1,1,1,1,20210928,20211219
ODK:1208,1,1,1,1,1,0,0,20210930,20211217
ODK:1209,1,1,1,1,1,0,0,20211005,20211222
ODK:1210,0,0,0,0,0,1,1,20211009,20211219
ODK:1211,1,1,1,1,1,1,0,20210928,20211218
ODK:1213,0,0,0,0,0,1,0,20211002,20211106
ODK:1216,0,0,0,0,0,0,1,20211003,20211107
ODK:1217,1,1,1,1,1,0,0,20210928,20211221
ODK:1218,1,1,1,1,1,1,1,20210928,20211221
ODK:1219,1,1,1,1,0,0,0,20210928,20211221
ODK:1220,0,0,0,0,0,1,0,20211016,20211218
ODK:1221,0,0,0,0,0,0,1,20211017,20211219
ODK:1222,1,1,1,1,1,0,0,20211018,20211222
ODK:1223,1,1,1,1,1,0,1,20211017,20211222
ODK:1225,1,1,1,1,1,1,1,20211016,20211222
ODK:1227,1,1,1,1,1,1,0,20211030,20211222
ODK:1229,1,1,1,1,1,0,0,20211011,20211222
ODK:1230,0,0,0,0,0,1,1,20211016,20211219
ODK:1231,1,1,1,1,1,1,0,20211011,20211222
ODK:1233,1,1,1,1,1,1,1,20211011,20211222
ODK:1235,0,0,0,0,0,0,1,20211010,20211219
ODK:1236,0,0,0,0,0,1,0,20211009,20211218
ODK:1237,1,1,1,1,1,1,1,20211030,20211211
ODK:1239,1,1,1,1,1,1,0,20211030,20211211
ODK:1240,1,1,1,1,1,0,1,20211031,20211210
ODK:1247,0,0,0,0,0,1,1,20211002,20211218
ODK:1248,1,1,1,1,1,0,0,20210928,20211222
ODK:1249,0,1,1,1,1,0,0,20210928,20211222
ODK:1250,0,1,1,1,1,0,0,20210928,20211222
ODK:1251,0,0,0,0,0,1,1,20211024,20211219
ODK:1253,0,1,1,1,1,0,0,20210928,20211222
ODK:1254,0,0,1,0,0,0,0,20210928,20211222
ODK:1255,0,0,1,0,0,0,0,20210928,20211222
ODK:1256,1,1,1,1,1,0,0,20211006,20211222
ODK:1258,0,0,0,0,0,1,1,20211002,20211128
ODK:1259,1,1,1,1,0,0,0,20210928,20211201
ODK:1260,0,0,0,0,1,1,0,20211001,20211127
ODK:1265,0,0,0,0,1,1,0,20211001,20211113
ODK:1266,0,0,0,0,0,0,1,20211003,20211212
ODK:1267,0,0,1,0,0,0,0,20210929,20211217
ODK:1268,1,0,0,1,0,0,0,20210930,20211216
ODK:1282,0,1,0,1,1,0,0,20210928,20211217
ODK:1283,0,0,0,0,0,0,1,20211003,20211219
ODK:1286,0,0,1,0,1,0,0,20210929,20211215
ODK:1287,0,1,1,1,0,0,0,20210928,20211222
ODK:1288,0,0,0,0,1,0,1,20211001,20211219
ODK:1294,1,1,1,1,1,0,0,20210928,20211222
ODK:1295,1,1,1,1,1,0,0,20210928,20211222
ODK:1296,1,1,1,1,1,0,0,20210928,20211222
ODK:1297,1,1,1,1,0,1,0,20210928,20211218
ODK:1298,1,0,0,1,1,1,1,20210930,20211220
ODK:1299,1,0,0,1,0,1,0,20210930,20211220
ODK:15,1,1,1,1,1,0,0,20210928,20211022
ODK:16,1,1,1,1,1,0,0,20210928,20211015
ODK:18,0,0,0,0,0,0,1,20211003,20211017
ODK:20,0,0,0,0,0,1,0,20211002,20211016
ODK:21,1,1,1,1,1,0,0,20211018,20211022
ODK:27,0,0,0,0,1,0,0,20211001,20211015
ODK:35,1,0,0,0,0,0,0,20211004,20211011
ODK:38,0,0,0,1,0,0,0,20210930,20211014
ODK:45,0,0,1,0,0,0,0,20211018,20211222
ODK:46,1,1,0,1,0,0,0,20211018,20211021
ODK:48,0,1,0,1,0,0,0,20211019,20211021
ODK:49,0,1,0,0,0,0,0,20211221,20211221
ODK:50,0,0,1,0,0,0,0,20211020,20211222
ODK:51,0,0,1,0,0,0,0,20211018,20211222
ODK:54,1,1,1,0,0,0,0,20211213,20211222
ODK:56,0,0,0,0,1,1,0,20211126,20211218
ODK:57,1,1,1,0,0,0,0,20211018,20211222
ODK:58,0,0,0,0,1,0,0,20211217,20211217
ODK:65,0,0,1,1,0,0,0,20210929,20211014
ODK:67,1,1,0,0,0,0,0,20210928,20211012
ODK:70,0,0,0,0,1,0,0,20211015,20211217
ODK:74,1,1,1,1,1,0,0,20210928,20211014
ODK:75,1,1,1,1,0,0,0,20210928,20211014
ODK:83,1,1,0,1,1,0,0,20210928,20211015
ODK:85,0,0,1,0,0,0,0,20210929,20211013
ODK:86,1,1,1,1,1,0,0,20211122,20211126
ODK:104,1,1,1,1,1,0,0,20211201,20211217
ODK:106,1,0,0,1,0,0,0,20211202,20211216
ODK:111,1,0,1,1,0,0,0,20210929,20211014
ODK:112,1,1,0,1,0,0,0,20210928,20211014
ODK:113,0,0,1,0,1,0,0,20210929,20211015
ODK:115,1,0,0,1,0,0,0,20210930,20211014
ODK:116,0,1,0,0,0,0,0,20210928,20211012
ODK:117,1,1,1,1,1,0,0,20211025,20211029
ODK:121,0,0,0,0,1,0,0,20211015,20211015
ODK:125,1,0,1,0,1,0,0,20210929,20211013
ODK:129,0,0,0,0,0,1,0,20211002,20211023
ODK:130,0,0,0,0,0,0,1,20211003,20211024
ODK:134,1,1,1,0,0,0,0,20211220,20211222
ODK:135,0,0,0,1,1,0,0,20211021,20211022
ODK:138,1,1,1,0,0,0,0,20211018,20211222
ODK:139,1,1,1,1,1,0,0,20210928,20211029
ODK:140,0,0,0,0,0,1,0,20211002,20211030
ODK:141,0,0,0,0,0,0,1,20211003,20211031
ODK:142,0,0,0,0,0,1,0,20211127,20211218
ODK:143,0,0,0,0,1,0,0,20211119,20211119
ODK:144,1,0,1,0,0,0,0,20211115,20211117
ODK:145,0,1,0,1,0,0,0,20211116,20211118
ODK:146,0,1,0,0,0,0,0,20210928,20211005
ODK:147,0,0,0,1,0,0,0,20210930,20210930
ODK:148,1,0,0,0,0,0,0,20211011,20211011
ODK:149,0,0,0,1,0,0,0,20211007,20211014
ODK:150,0,0,0,0,1,0,0,20211001,20211001
ODK:151,1,0,0,0,0,0,0,20211004,20211004
ODK:152,0,0,0,0,0,0,1,20211003,20211003
ODK:153,0,0,0,0,1,0,0,20211008,20211015
ODK:154,0,0,0,0,0,0,1,20211010,20211010
ODK:155,0,1,0,0,0,0,0,20210928,20210928
ODK:156,0,0,1,0,0,0,0,20210929,20210929
ODK:157,0,0,0,0,0,0,1,20211017,20211017
ODK:158,0,1,0,0,0,0,0,20211005,20211005
ODK:159,0,0,1,0,0,0,0,20211006,20211013
ODK:160,1,0,0,0,0,0,0,20211004,20211129
ODK:161,0,1,0,0,0,0,0,20211005,20211130
ODK:162,0,0,0,1,0,0,0,20211021,20211216
ODK:163,0,1,0,0,0,0,0,20211012,20211207
ODK:164,0,1,0,0,0,0,0,20210928,20211221
ODK:165,0,0,0,1,0,0,0,20210930,20211125
ODK:166,0,0,0,1,0,0,0,20211007,20211202
ODK:167,0,0,0,1,0,0,0,20211014,20211209
ODK:168,0,0,0,0,1,0,0,20211008,20211203
ODK:169,0,0,0,0,1,0,0,20211015,20211210
ODK:170,0,0,0,0,1,0,0,20211022,20211217
ODK:171,0,0,0,0,1,0,0,20211001,20211126
ODK:172,0,0,1,0,0,0,0,20211006,20211215
ODK:174,0,1,0,0,0,0,0,20211019,20211214
ODK:175,1,0,0,0,0,0,0,20211018,20211213
ODK:176,1,0,0,0,0,0,0,20211011,20211206
ODK:177,1,0,0,0,0,0,0,20211025,20211220
ODK:178,0,0,0,0,0,1,0,20211002,20211002
ODK:179,0,0,0,1,0,0,0,20211002,20211014
ODK:180,0,0,0,0,0,1,0,20211009,20211016
ODK:181,0,0,0,0,1,0,0,20211105,20211203
ODK:182,1,0,0,0,0,0,0,20211101,20211129
ODK:183,0,1,0,0,0,0,0,20211102,20211130
ODK:184,0,1,0,0,0,0,0,20211109,20211207
ODK:185,0,1,0,0,0,0,0,20211026,20211221
ODK:186,0,0,0,1,0,0,0,20211028,20211125
ODK:187,0,0,0,1,0,0,0,20211104,20211202
ODK:188,0,0,0,1,0,0,0,20211111,20211209
ODK:189,0,0,0,0,1,0,0,20211112,20211210
ODK:190,0,0,0,0,1,0,0,20211029,20211126
ODK:191,0,0,1,0,0,0,0,20211020,20211215
ODK:192,0,0,1,0,0,0,0,20211027,20211222
ODK:193,1,0,0,0,0,0,0,20211108,20211206
ODK:195,0,0,0,0,0,1,0,20211009,20211023
ODK:196,0,0,1,0,0,0,0,20211020,20211020
ODK:197,0,0,0,0,0,0,1,20211003,20211024
ODK:198,0,0,0,0,1,0,1,20211001,20211024
ODK:199,0,0,0,1,0,0,0,20211014,20211021
ODK:204,0,0,0,0,1,0,1,20211003,20211024
ODK:208,0,1,1,1,0,0,0,20211026,20211028
ODK:209,1,0,0,0,0,0,0,20211025,20211025
ODK:210,0,0,0,0,1,0,0,20211022,20211022
ODK:211,0,0,0,1,0,0,0,20211021,20211021
ODK:212,0,1,0,0,0,0,0,20211019,20211019
ODK:213,1,0,0,0,0,0,0,20211018,20211018
ODK:214,0,0,0,0,1,0,0,20211015,20211029
ODK:215,0,0,0,1,0,0,0,20211014,20211014
ODK:216,0,0,1,0,0,0,0,20211013,20211013
ODK:217,0,1,0,0,0,0,0,20211012,20211012
ODK:218,0,0,0,0,1,0,0,20211008,20211008
ODK:219,0,0,0,1,0,0,0,20211007,20211007
ODK:220,0,0,1,0,0,0,0,20211006,20211006
ODK:221,0,0,0,0,0,0,1,20211107,20211205
ODK:223,0,0,0,0,0,1,0,20211009,20211030
ODK:224,0,0,0,0,0,0,1,20211031,20211031
ODK:225,0,0,0,0,0,0,1,20211024,20211024
ODK:226,0,0,0,0,0,1,0,20211023,20211023
ODK:227,0,0,1,0,0,0,0,20211222,20211222
ODK:228,0,0,0,0,0,0,1,20211212,20211219
ODK:229,0,0,0,0,0,1,0,20211218,20211218
ODK:230,0,1,0,0,0,0,0,20211214,20211221
ODK:231,1,0,0,0,0,0,0,20211213,20211220
ODK:232,1,1,1,0,0,0,0,20211004,20211013
ODK:233,0,0,0,0,0,0,1,20211003,20211010
ODK:234,0,1,1,0,0,0,0,20211005,20211013
ODK:235,0,0,0,1,0,0,0,20211014,20211021
ODK:236,1,1,1,0,0,0,0,20211011,20211013
ODK:237,1,1,1,1,0,0,0,20211004,20211007
ODK:239,0,1,1,1,0,0,0,20210928,20210930
ODK:240,0,0,1,1,0,0,0,20210929,20210930
ODK:241,1,1,1,0,0,0,0,20211018,20211020
ODK:242,0,1,1,1,0,0,0,20211005,20211022
ODK:243,1,1,0,0,0,0,0,20211018,20211019
ODK:244,1,1,1,0,0,0,0,20211004,20211006
ODK:245,0,0,0,0,0,1,1,20211002,20211003
ODK:246,0,0,0,1,1,0,0,20210930,20211001
ODK:247,0,0,0,1,0,0,0,20211011,20211022
ODK:248,0,1,1,0,0,0,0,20211005,20211006
ODK:252,1,1,1,0,0,0,0,20211213,20211222
ODK:257,0,1,1,1,1,0,0,20210928,20211001
ODK:271,1,1,1,0,0,0,0,20211213,20211222
ODK:272,0,0,0,0,0,0,1,20211212,20211219
ODK:275,0,1,1,1,0,0,0,20211005,20211007
ODK:276,0,0,0,0,0,1,1,20211023,20211024
ODK:282,1,1,1,0,0,0,1,20211212,20211222
ODK:283,1,1,1,0,0,0,1,20211212,20211222
ODK:284,1,1,1,1,1,0,0,20210928,20211029
ODK:285,0,0,0,0,0,1,1,20211002,20211031
ODK:286,1,1,1,1,1,1,1,20210928,20211031
ODK:288,0,0,0,0,0,1,1,20211002,20211031
ODK:290,1,1,1,1,1,1,0,20210928,20211030
ODK:292,1,1,1,0,0,0,1,20211212,20211222
ODK:293,0,0,0,0,1,1,1,20211001,20211031
ODK:294,1,1,1,1,1,1,1,20210928,20211031
ODK:300,0,0,0,0,0,0,1,20211002,20211219
ODK:301,1,1,1,1,0,0,0,20210928,20211028
ODK:303,1,0,0,1,0,0,0,20211004,20211007
ODK:306,0,0,0,0,0,1,1,20211002,20211031
ODK:307,0,0,0,0,0,0,1,20211212,20211219
ODK:308,0,1,1,1,1,0,0,20210928,20211029
ODK:309,0,0,0,0,0,1,0,20211002,20211030
ODK:310,0,0,0,0,0,0,1,20211003,20211031
ODK:311,1,1,1,1,1,0,0,20210928,20211029
ODK:313,0,0,0,0,0,1,1,20211009,20211010
ODK:314,0,0,0,0,0,1,0,20211106,20211106
ODK:315,0,0,0,0,0,0,1,20211107,20211107
ODK:317,0,0,0,0,0,1,0,20211016,20211016
ODK:319,0,1,0,0,0,0,0,20211026,20211026
ODK:320,1,1,1,1,1,0,0,20210928,20211022
ODK:321,1,1,1,1,1,0,0,20211004,20211008
ODK:322,1,1,1,1,1,0,0,20211004,20211022
ODK:323,0,0,0,0,1,1,0,20211015,20211016
ODK:324,0,0,1,1,0,0,0,20211013,20211014
ODK:326,0,0,0,1,1,0,0,20211014,20211015
ODK:327,0,0,0,0,0,1,1,20211016,20211017
ODK:328,0,0,0,0,0,1,0,20211009,20211009
ODK:330,0,1,0,0,1,0,0,20211005,20211008
ODK:331,0,0,0,0,0,1,0,20211002,20211009
ODK:332,0,0,0,0,0,1,0,20211001,20211009
ODK:333,0,0,0,0,1,1,1,20211001,20211003
ODK:335,1,1,1,1,1,1,1,20211010,20211112
ODK:336,1,1,1,1,1,1,1,20211015,20211112
ODK:338,0,0,0,0,1,1,0,20211022,20211112
ODK:339,1,1,1,1,0,0,0,20211011,20211014
ODK:340,1,1,1,1,1,0,0,20211015,20211112
ODK:341,1,1,1,1,1,0,0,20211011,20211015
ODK:342,1,1,1,1,1,0,0,20211011,20211112
ODK:344,0,0,0,0,1,1,0,20211015,20211023
ODK:345,0,0,1,1,0,0,0,20211020,20211021
ODK:349,0,1,1,1,1,0,0,20211012,20211015
ODK:350,0,0,0,0,0,1,1,20211016,20211024
ODK:351,0,0,0,0,0,1,0,20211016,20211023
ODK:352,0,0,1,1,1,1,1,20211006,20211024
ODK:353,0,0,1,1,0,0,0,20211006,20211007
ODK:355,0,0,0,0,1,1,0,20211105,20211106
ODK:356,0,0,0,0,1,1,1,20211105,20211107
ODK:357,0,0,0,0,0,1,1,20211106,20211107
ODK:358,1,0,0,0,0,0,0,20211108,20211108
ODK:359,0,1,1,1,0,0,0,20210928,20211007
ODK:360,0,1,1,1,0,0,0,20210928,20211007
ODK:361,0,1,1,1,0,0,1,20210928,20211003
ODK:362,0,1,1,1,1,0,0,20210928,20211008
ODK:364,0,1,1,1,0,0,0,20210928,20211008
ODK:365,0,0,1,0,0,0,0,20211013,20211020
ODK:366,0,1,1,1,1,0,0,20210928,20211009
ODK:367,0,0,0,0,1,0,1,20211001,20211003
ODK:370,1,1,1,1,1,0,1,20211015,20211112
ODK:371,0,0,0,0,0,1,0,20211016,20211106
ODK:372,0,0,0,0,0,0,1,20211017,20211107
ODK:373,1,1,1,1,1,1,0,20211016,20211113
ODK:374,0,0,0,0,0,1,1,20211011,20211113
ODK:375,1,1,1,1,1,1,1,20211011,20211112
ODK:377,0,0,0,0,1,0,0,20211001,20211008
ODK:378,0,1,1,1,1,0,0,20211005,20211008
ODK:380,0,0,0,0,0,1,1,20211113,20211121
ODK:381,0,0,0,0,0,1,0,20211113,20211120
ODK:382,0,0,0,0,1,1,1,20211112,20211121
ODK:383,0,0,0,0,1,0,0,20211112,20211119
ODK:384,0,0,0,0,1,1,0,20211112,20211120
ODK:385,0,0,0,0,1,1,0,20211112,20211120
ODK:386,0,0,0,0,0,0,1,20211121,20211121
ODK:387,0,0,0,0,0,1,1,20211002,20211010
ODK:388,0,0,0,0,0,1,0,20211002,20211009
ODK:389,0,0,0,0,1,1,0,20211001,20211009
ODK:390,0,0,0,0,1,1,0,20211001,20211009
ODK:391,0,0,0,0,1,0,0,20211001,20211008
ODK:392,1,1,1,1,1,0,0,20211115,20211210
ODK:393,0,0,0,0,0,0,1,20211023,20211107
ODK:396,0,0,0,0,0,0,1,20211024,20211107
ODK:401,0,0,0,0,0,1,0,20211009,20211030
ODK:403,1,1,1,1,1,0,0,20211115,20211210
ODK:404,1,1,1,1,1,1,1,20211115,20211211
ODK:405,1,1,1,0,0,0,0,20211122,20211124
ODK:406,1,0,0,0,0,0,0,20211115,20211115
ODK:407,0,0,0,0,0,0,1,20211114,20211114
ODK:408,0,0,0,0,0,1,0,20211211,20211211
ODK:409,0,0,0,0,0,0,1,20211010,20211114
ODK:410,0,0,0,0,0,0,1,20211031,20211205
ODK:411,0,0,0,0,0,1,0,20211009,20211113
ODK:412,0,0,0,0,0,1,0,20211030,20211204
ODK:414,0,0,0,0,0,1,0,20211023,20211106
ODK:415,0,0,0,0,0,0,1,20210928,20211205
ODK:416,0,0,0,0,0,0,1,20210928,20211128
ODK:417,0,0,0,0,0,1,1,20211127,20211128
ODK:418,0,0,0,0,0,0,1,20211107,20211128
ODK:419,0,0,0,0,0,1,0,20211106,20211128
ODK:420,0,0,0,0,0,1,0,20211023,20211106
ODK:421,0,0,0,0,0,1,0,20211127,20211127
ODK:422,0,0,0,0,0,0,1,20211107,20211128
ODK:424,0,0,0,0,0,0,1,20211128,20211128
ODK:426,0,0,0,0,0,0,1,20211106,20211205
ODK:427,0,0,0,0,0,0,1,20211121,20211205
ODK:429,0,0,0,0,0,1,0,20211113,20211113
ODK:431,0,0,0,0,0,1,0,20211030,20211204
ODK:433,0,1,1,1,1,0,0,20210928,20211210
ODK:435,0,1,0,0,0,0,0,20211116,20211116
ODK:439,0,0,0,0,0,0,1,20211031,20211107
ODK:440,0,0,0,0,0,0,1,20211120,20211205
ODK:441,0,0,0,0,0,1,0,20211204,20211204
ODK:443,1,1,1,1,0,0,0,20211108,20211111
ODK:444,0,0,0,0,0,1,0,20211120,20211204
ODK:445,0,0,0,0,0,1,1,20211120,20211205
ODK:447,0,0,0,0,0,1,0,20211120,20211204
ODK:448,0,0,1,1,0,0,0,20211027,20211028
ODK:456,1,1,1,0,0,0,0,20211213,20211222
ODK:457,0,0,0,0,0,0,1,20211212,20211219
ODK:458,0,0,0,0,0,0,1,20211003,20211114
ODK:462,0,1,1,0,0,0,0,20211214,20211222
ODK:469,0,0,0,0,0,1,0,20211002,20211113
ODK:489,0,0,0,0,0,1,0,20211009,20211204
ODK:490,0,0,0,0,1,0,0,20211119,20211210
ODK:491,1,1,1,1,0,1,1,20211115,20211209
ODK:492,1,1,1,1,1,0,0,20211115,20211210
ODK:493,0,0,0,0,0,1,1,20211120,20211205
ODK:494,0,0,0,0,1,1,0,20211217,20211218
ODK:495,1,1,1,0,0,0,1,20211212,20211222
ODK:496,0,0,0,0,1,1,0,20211119,20211210
ODK:497,1,1,1,1,0,0,0,20211115,20211209
ODK:498,1,1,1,1,1,1,1,20211115,20211210
ODK:499,0,0,0,0,0,0,1,20211121,20211205
ODK:500,1,1,1,1,1,1,0,20211115,20211210
ODK:501,0,0,0,0,1,1,1,20211119,20211210
ODK:502,1,1,1,1,1,0,1,20211115,20211210
ODK:503,0,0,0,0,1,1,0,20211119,20211210
ODK:504,1,1,1,1,0,0,1,20211115,20211209
ODK:505,1,1,1,1,1,0,0,20211117,20211210
ODK:509,1,0,0,0,0,0,1,20211003,20211011
ODK:511,1,0,1,1,0,0,0,20211004,20211007
ODK:525,0,0,0,1,1,0,0,20211028,20211029
ODK:544,1,1,1,1,0,1,0,20211115,20211209
ODK:545,0,1,0,0,0,0,0,20211026,20211102
ODK:550,1,1,1,1,1,1,0,20211116,20211210
ODK:556,1,1,1,1,1,0,0,20211116,20211210
ODK:564,1,1,1,0,0,0,0,20211213,20211222
ODK:567,0,0,0,0,0,0,1,20211205,20211205
ODK:568,1,0,0,0,0,0,0,20211121,20211206
ODK:569,1,0,0,0,0,0,0,20211018,20211115
ODK:572,0,0,1,1,1,1,0,20211027,20211030
ODK:573,0,0,0,0,1,0,0,20211015,20211210
ODK:576,0,0,0,0,0,0,1,20211212,20211212
ODK:578,1,1,1,1,1,0,0,20211115,20211210
ODK:579,0,0,0,0,0,1,0,20211120,20211120
ODK:580,1,1,1,0,0,0,0,20211107,20211124
ODK:585,0,0,0,0,0,0,1,20211017,20211114
ODK:593,0,0,0,0,0,1,0,20211120,20211204
ODK:597,1,0,0,0,0,0,0,20211122,20211206
ODK:599,0,0,0,0,0,0,1,20211025,20211205
ODK:600,0,0,0,0,0,1,0,20211027,20211211
ODK:602,0,0,0,0,0,1,1,20211027,20211205
ODK:604,0,0,0,0,0,0,1,20211219,20211219
ODK:606,0,0,0,0,0,1,0,20211120,20211127
ODK:610,0,0,0,0,0,1,0,20211106,20211127
ODK:617,0,0,0,0,0,1,1,20211218,20211219
ODK:627,0,0,0,0,0,1,0,20211106,20211211
ODK:630,0,0,1,1,1,0,0,20210929,20211008
ODK:635,0,0,0,0,1,0,0,20211015,20211022
ODK:636,0,0,0,0,0,0,1,20211107,20211205
ODK:637,0,0,0,0,0,0,1,20211023,20211205
ODK:638,0,0,0,0,0,1,0,20211023,20211211
ODK:639,0,0,0,0,0,0,1,20211024,20211205
ODK:641,0,0,0,0,0,1,0,20211023,20211205
ODK:647,0,1,1,1,0,0,0,20210928,20211014
ODK:650,1,0,0,0,0,0,0,20211003,20211011
ODK:651,0,0,0,0,0,0,1,20211010,20211107
ODK:661,0,0,0,0,0,1,1,20211120,20211205
ODK:666,1,1,1,1,1,0,1,20211115,20211210
ODK:675,1,1,1,1,1,0,0,20211115,20211210
ODK:676,0,0,0,0,0,1,0,20211002,20211023
ODK:678,0,0,0,0,1,0,0,20211126,20211126
ODK:687,1,1,1,1,0,0,0,20211004,20211014
ODK:696,0,0,0,0,0,1,0,20211009,20211030
ODK:697,0,0,0,0,0,0,1,20211002,20211010
ODK:699,0,0,0,0,0,1,0,20211016,20211030
ODK:702,0,1,1,1,1,1,1,20210928,20211003
ODK:703,1,1,0,0,0,0,0,20211213,20211221
ODK:704,1,1,1,1,1,1,1,20211004,20211022
ODK:705,0,0,0,0,0,1,1,20211002,20211017
ODK:706,1,1,1,1,1,1,1,20210928,20211022
ODK:707,0,0,0,0,1,1,1,20211022,20211024
ODK:708,1,1,1,1,1,1,1,20211004,20211021
ODK:709,1,1,1,1,1,1,1,20210928,20211021
ODK:711,0,0,0,0,1,1,0,20211008,20211009
ODK:712,0,0,0,0,1,1,0,20211022,20211023
ODK:713,0,0,0,0,1,1,0,20211001,20211002
ODK:716,0,1,1,1,1,1,1,20210928,20211021
ODK:717,0,0,0,1,1,1,0,20211007,20211009
ODK:718,1,1,0,0,0,0,0,20211011,20211012
ODK:719,0,0,0,0,1,0,0,20211015,20211022
ODK:720,1,1,1,1,0,0,0,20211018,20211021
ODK:721,0,0,0,0,0,0,1,20211031,20211205
ODK:727,1,1,1,1,1,1,1,20211206,20211222
ODK:728,0,0,0,0,1,1,0,20211210,20211218
ODK:729,0,0,0,0,0,1,1,20211211,20211219
ODK:730,1,1,1,1,1,0,0,20211206,20211222
ODK:732,1,1,1,1,1,0,0,20211206,20211210
ODK:734,1,1,1,1,0,0,0,20211018,20211104
ODK:736,0,1,1,0,0,0,0,20210928,20211006
ODK:743,0,0,0,1,0,0,0,20210930,20211007
ODK:744,1,1,1,0,0,0,0,20211213,20211222
ODK:746,1,1,1,1,0,0,1,20210928,20211104
ODK:747,1,1,1,1,0,0,1,20211017,20211104
ODK:757,1,1,1,1,0,0,0,20211017,20211104
ODK:758,0,0,0,0,0,0,1,20211003,20211014
ODK:766,0,0,0,0,1,1,1,20211001,20211010
ODK:768,1,1,1,1,0,0,1,20211010,20211111
ODK:773,0,0,0,0,0,0,1,20211003,20211205
ODK:775,1,1,1,1,0,0,1,20211121,20211202
ODK:777,0,0,0,0,0,0,1,20211114,20211205
ODK:778,0,0,0,0,0,1,0,20211113,20211120
ODK:779,0,0,0,0,0,0,1,20211114,20211121
ODK:784,1,1,1,1,0,0,1,20211206,20211212
ODK:785,1,1,1,1,0,0,1,20211114,20211205
ODK:786,0,1,1,1,0,0,1,20210928,20211202
ODK:788,0,0,0,0,0,1,1,20211002,20211121
ODK:791,1,1,1,1,0,0,1,20210928,20211202
ODK:792,1,1,1,1,0,0,0,20211115,20211118
ODK:793,1,1,1,1,0,0,1,20211031,20211111
ODK:795,0,0,0,0,0,1,0,20211030,20211030
ODK:797,0,0,0,0,1,1,1,20211217,20211219
ODK:817,0,0,0,1,0,0,0,20211028,20211028
ODK:821,1,1,1,1,0,0,0,20211025,20211028
ODK:822,0,0,0,0,1,0,0,20211029,20211029
ODK:830,0,0,0,0,1,1,0,20211029,20211030
ODK:847,0,0,0,0,0,1,1,20211113,20211211
ODK:848,0,0,0,0,0,1,1,20211030,20211107
ODK:849,0,0,0,0,0,1,1,20211016,20211211
ODK:856,0,0,0,0,0,1,0,20211030,20211113
ODK:857,0,0,0,0,0,1,1,20211113,20211205
ODK:858,0,0,0,0,0,1,0,20211009,20211211
ODK:859,1,1,1,1,1,0,0,20210928,20211014
ODK:860,1,1,1,1,1,1,1,20210928,20211014
ODK:863,1,1,1,1,1,0,0,20211115,20211203
ODK:864,0,0,0,0,0,1,1,20211113,20211211
ODK:867,1,1,1,1,0,0,1,20211017,20211111
ODK:868,1,1,1,1,0,0,1,20211114,20211209
ODK:869,0,0,0,0,1,1,0,20211015,20211112
ODK:870,0,0,0,0,1,1,0,20211113,20211211
ODK:871,1,1,1,1,0,0,1,20211017,20211111
ODK:872,0,0,0,0,1,1,0,20211015,20211106
ODK:873,0,0,0,0,1,1,0,20211112,20211211
ODK:874,1,1,1,1,1,1,1,20211113,20211211
ODK:875,0,0,0,0,0,1,1,20211001,20211014
ODK:876,1,1,1,1,0,0,1,20211113,20211210
ODK:877,1,1,1,1,1,0,0,20211011,20211112
ODK:878,0,0,0,0,0,1,0,20211113,20211204
ODK:879,0,0,0,0,1,0,0,20211119,20211126
ODK:880,1,1,1,1,1,0,0,20210928,20211210
ODK:881,0,1,1,1,1,0,0,20210928,20211009
ODK:882,0,1,1,1,0,0,0,20210928,20211009
ODK:883,0,0,0,0,1,0,0,20210928,20211008
ODK:884,0,0,0,0,1,1,1,20211113,20211211
ODK:885,1,1,1,1,1,1,0,20211206,20211211
ODK:886,0,0,0,0,0,1,1,20211010,20211107
ODK:887,0,0,1,1,1,0,0,20210929,20211001
ODK:889,0,0,0,0,0,0,1,20211114,20211205
ODK:891,0,0,0,0,0,1,1,20211016,20211107
ODK:892,1,1,1,1,1,1,1,20211010,20211112
ODK:893,0,0,0,0,1,1,1,20211015,20211112
ODK:894,1,1,1,1,0,0,0,20211018,20211111
ODK:895,0,0,0,0,0,0,1,20211003,20211010
ODK:896,0,0,0,0,0,1,0,20211002,20211010
ODK:898,0,0,0,0,0,1,1,20211030,20211114
ODK:899,1,1,1,1,1,1,1,20211004,20211010
ODK:900,0,1,1,1,0,0,0,20210928,20211014
ODK:901,0,0,0,0,0,1,0,20211120,20211127
ODK:902,1,1,1,1,1,0,1,20211004,20211010
ODK:903,0,0,0,0,1,1,1,20211008,20211010
ODK:905,0,0,0,0,0,0,1,20211031,20211114
ODK:906,0,1,1,1,1,0,0,20210928,20211014
ODK:908,0,0,0,0,0,1,0,20211002,20211009
ODK:911,1,1,1,1,0,0,1,20211004,20211010
ODK:912,0,0,0,0,0,1,1,20211016,20211024
ODK:913,0,0,1,1,0,0,0,20210929,20211014
ODK:914,0,1,1,1,0,0,0,20210928,20211014
ODK:915,0,0,1,0,0,1,0,20210929,20211002
ODK:916,0,1,0,1,0,0,0,20210928,20211014
ODK:917,0,1,1,1,0,0,0,20210928,20211014
ODK:921,0,1,0,0,0,1,1,20210928,20211003
ODK:922,0,0,0,1,0,0,0,20211004,20211014
ODK:923,0,1,1,0,0,0,0,20210928,20211013
ODK:924,1,1,1,1,1,0,1,20211001,20211014
ODK:926,0,0,0,0,1,1,0,20211119,20211127
ODK:927,0,1,1,1,0,0,0,20211012,20211014
ODK:928,0,0,0,0,0,0,1,20211002,20211014
ODK:929,1,1,1,1,1,1,0,20211004,20211009
ODK:930,1,1,1,1,0,1,0,20211004,20211009
ODK:949,1,1,1,1,1,0,1,20210928,20211107
ODK:951,1,1,1,1,0,0,0,20211011,20211021
ODK:952,0,0,0,0,1,0,0,20211001,20211022
ODK:956,1,1,1,1,1,1,1,20210928,20211107
ODK:957,1,1,1,1,1,0,0,20210928,20211107
ODK:959,1,1,1,0,0,0,0,20211025,20211027
ODK:960,0,0,0,0,1,0,0,20211015,20211022
ODK:961,0,0,0,0,0,1,1,20211030,20211211
ODK:962,1,1,1,1,1,0,0,20211011,20211022
ODK:968,0,0,0,0,1,0,0,20211105,20211105
ODK:972,1,1,1,1,1,1,1,20211004,20211024
ODK:973,1,1,1,1,1,1,1,20211004,20211024
ODK:974,1,1,1,1,1,0,0,20211004,20211024
ODK:975,0,0,0,0,1,1,1,20211015,20211024
ODK:976,1,1,1,1,1,1,1,20211004,20211024
ODK:977,0,0,0,0,0,1,0,20211016,20211023
ODK:978,1,1,1,1,1,0,1,20211004,20211024
ODK:979,1,1,1,1,1,0,0,20211004,20211023
ODK:980,0,1,1,1,1,0,1,20210928,20211003
ODK:981,0,0,1,1,1,1,1,20210929,20211003
ODK:982,0,1,0,1,1,1,1,20210928,20211003
ODK:983,0,1,1,1,0,1,1,20210928,20211003
ODK:984,0,1,1,1,0,1,0,20210928,20211002
ODK:985,0,1,1,1,1,1,0,20210928,20211002
ODK:988,1,1,1,1,1,0,0,20211213,20211217
ODK:992,0,0,0,0,1,1,0,20211029,20211211
ODK:994,1,0,0,0,0,0,1,20211003,20211028
ODK:996,0,1,1,1,0,0,0,20211005,20211021
ODK:997,0,1,1,0,0,0,0,20210928,20210929
ODK:999,0,1,1,1,1,1,0,20211005,20211023
ODK:1000,1,1,1,1,1,0,0,20211011,20211022
ODK:1001,0,0,0,0,0,1,1,20211023,20211107
ODK:1002,0,0,0,1,1,0,0,20211007,20211008
ODK:1010,1,1,1,0,0,0,1,20211212,20211222
ODK:1011,0,0,0,1,1,1,0,20211216,20211218
ODK:1022,0,0,0,0,0,1,1,20210928,20211107
ODK:1023,1,1,1,1,0,0,1,20210928,20211107
ODK:1026,0,1,1,0,0,0,0,20211005,20211026
ODK:1029,0,1,1,0,0,0,0,20211005,20211026
ODK:1030,0,0,0,0,1,1,0,20211027,20211107
ODK:1031,0,0,0,0,1,1,0,20211002,20211023
ODK:1033,0,0,0,0,1,1,0,20211029,20211106
ODK:1035,0,0,0,0,0,1,0,20211030,20211211
ODK:1036,0,0,0,0,1,0,0,20211015,20211022
ODK:1038,0,0,0,0,1,0,0,20211015,20211022
ODK:1039,1,1,0,0,0,0,0,20211025,20211026
ODK:1047,0,1,1,0,0,0,0,20211012,20211013
ODK:1048,0,1,1,1,1,0,0,20211012,20211022
ODK:1050,0,1,1,1,0,0,0,20210928,20211014
ODK:1052,1,1,1,1,1,1,1,20211004,20211107
ODK:1053,1,1,1,1,1,0,0,20211004,20211022
ODK:1054,0,0,0,0,1,1,1,20211009,20211024
ODK:1055,1,1,1,1,1,1,1,20211005,20211024
ODK:1056,1,1,1,1,0,1,1,20211004,20211024
ODK:1058,1,1,1,1,1,1,0,20211011,20211023
ODK:1059,1,1,1,1,0,0,1,20211004,20211024
ODK:1060,0,0,0,0,1,1,0,20211008,20211023
ODK:1061,0,0,0,0,0,0,1,20211009,20211024
ODK:1062,1,0,0,0,0,0,0,20211004,20211019
ODK:1063,0,0,0,0,1,1,0,20211008,20211023
ODK:1064,1,1,1,1,0,0,1,20211004,20211024
ODK:1065,0,1,0,1,1,0,0,20210928,20211001
ODK:1072,0,0,0,0,0,1,1,20211015,20211024
ODK:1074,0,0,0,0,0,1,1,20210928,20211024
ODK:1081,0,0,0,0,0,1,1,20211016,20211024
ODK:1094,1,1,1,1,1,0,0,20210928,20211029
ODK:1096,0,0,0,0,0,1,0,20211120,20211211
ODK:1100,0,0,1,1,0,0,0,20210929,20211216
ODK:1105,0,0,0,0,1,0,0,20211001,20211029
ODK:1107,0,0,0,0,1,0,0,20211001,20211221
ODK:1125,0,0,0,0,0,0,1,20211003,20211107
ODK:1133,1,1,1,1,1,0,0,20211025,20211126
ODK:1151,0,0,0,1,0,0,0,20211209,20211209
ODK:1154,0,1,0,0,0,0,0,20210928,20211216
ODK:1161,0,0,0,0,0,1,1,20211002,20211024
ODK:1163,1,1,1,1,1,1,0,20210928,20211015
ODK:1165,0,0,0,0,0,1,1,20211002,20211219
ODK:1166,1,1,1,1,1,0,0,20210928,20211221
ODK:1167,1,1,0,0,0,0,0,20211213,20211221
ODK:1173,0,0,0,0,0,1,0,20211016,20211211
ODK:1174,0,0,0,0,0,0,1,20211017,20211205
ODK:1175,0,0,0,0,0,1,1,20211016,20211211
ODK:1179,0,1,0,0,0,0,0,20211214,20211221
ODK:1181,1,0,1,0,0,0,0,20211213,20211222
ODK:1183,0,0,0,1,0,0,0,20211216,20211216
ODK:1185,0,1,0,0,0,0,0,20211214,20211221
ODK:1189,1,1,1,1,1,0,0,20210928,20211101
ODK:1191,0,0,0,1,1,0,0,20211216,20211217
ODK:1192,1,1,1,1,1,0,0,20211202,20211217
ODK:1198,1,1,1,1,1,0,0,20211018,20211222
ODK:1202,0,0,0,0,0,1,0,20211204,20211218
ODK:1203,1,1,1,1,1,0,0,20211202,20211222
ODK:1205,0,0,0,0,0,0,1,20211205,20211219
ODK:1212,0,0,0,0,0,1,0,20211113,20211211
ODK:1214,0,0,0,0,0,1,0,20211030,20211106
ODK:1215,1,1,1,1,1,0,0,20211101,20211112
ODK:1224,1,1,1,1,1,0,1,20210928,20211015
ODK:1226,1,1,1,1,1,1,1,20210928,20211015
ODK:1228,1,1,1,1,1,1,0,20210928,20211029
ODK:1232,0,1,1,1,1,1,0,20210928,20211009
ODK:1234,0,1,1,1,1,1,1,20210928,20211010
ODK:1238,1,1,1,1,1,1,1,20210928,20211029
ODK:1241,1,1,1,1,1,0,1,20210928,20211029
ODK:1242,0,0,0,0,0,1,0,20211009,20211023
ODK:1243,0,0,0,0,0,0,1,20211010,20211024
ODK:1244,1,1,1,1,1,0,0,20211004,20211029
ODK:1245,0,0,0,0,0,1,1,20211009,20211024
ODK:1246,1,1,1,1,1,1,1,20211004,20211029
ODK:1252,0,0,0,0,0,1,1,20211002,20211023
ODK:1257,0,1,0,0,0,0,0,20210928,20211005
ODK:1263,0,0,0,0,1,0,0,20211126,20211217
ODK:1264,0,0,0,0,1,1,0,20211119,20211218
ODK:1269,1,1,1,1,1,0,0,20210928,20211031
ODK:1270,1,0,0,0,1,0,0,20211001,20211029
ODK:1271,1,0,0,0,0,0,0,20211004,20211025
ODK:1272,1,1,1,1,1,0,0,20210928,20211029
ODK:1273,1,0,0,0,1,0,0,20211011,20211029
ODK:1274,0,0,1,0,1,0,0,20211001,20211029
ODK:1275,1,0,0,1,0,0,0,20210930,20211028
ODK:1276,0,0,0,0,0,0,1,20211017,20211031
ODK:1277,0,0,0,0,1,0,0,20211001,20211022
ODK:1278,0,0,0,0,1,0,0,20211003,20211029
ODK:1279,0,0,0,0,0,0,1,20211008,20211024
ODK:1280,1,1,1,0,0,0,0,20211004,20211027
ODK:1281,0,0,0,1,0,0,1,20210928,20211031
ODK:1284,0,0,0,0,0,0,1,20211017,20211024
ODK:1285,0,0,0,0,0,1,0,20211016,20211023
ODK:1289,1,1,1,1,0,1,0,20210928,20211023
ODK:1290,0,0,0,0,1,0,1,20211001,20211024
ODK:1291,1,1,1,1,0,0,0,20210928,20211021
ODK:1292,1,1,1,1,1,1,1,20210928,20211024
ODK:1293,1,1,1,1,1,0,1,20210928,20211024
